id,x_1,x_2,x_3,x_4,x_5,x_6,x_7,x_8,x_9,x_10
1,50,75,25,37,88,63,12,18,69,94
2,44,31,82,56,6,9,59,85,34,47
3,97,72,22,15,66,91,41,28,78,53
4,3,4,55,80,29,42,93,67,17,23
5,74,99,48,36,86,61,11,7,58,83
6,33,45,96,71,20,14,64,89,39,26
7,77,52,1,2,52,78,27,40,90,65
8,14,21,71,97,46,33,84,59,8,11
9,62,87,37,49,100,74,24,18,68,93
10,43,30,81,56,5,3,54,79,29,41
11,92,67,16,22,73,98,48,35,86,60
12,10,7,57,82,32,44,95,70,19,13
13,63,89,38,26,76,51,0,1,51,76
14,26,39,89,64,13,20,70,95,45,32
15,83,57,7,10,61,86,35,48,99,73
16,23,16,67,92,42,29,80,54,4,5
17,56,81,31,43,94,69,18,24,75,100
18,50,37,87,62,12,9,59,84,34,46
19,97,72,21,15,65,91,40,28,78,53
20,2,1,52,77,27,39,90,65,14,20
21,71,96,46,33,84,58,8,11,61,87
22,36,49,99,74,24,17,68,93,43,30
23,80,55,5,3,54,79,28,41,91,66
24,16,22,72,98,47,35,85,60,9,6
25,57,82,31,44,95,69,19,13,63,88
26,38,25,76,50,0,0,51,76,25,38
27,88,63,13,19,70,95,44,32,82,57
28,6,10,60,85,35,47,98,73,22,16
29,66,92,41,29,79,54,3,5,55,81
30,30,43,93,68,17,24,74,100,49,36
31,87,62,11,8,58,84,33,46,96,71
32,21,14,65,90,40,27,77,52,2,2
33,53,78,28,40,91,66,15,21,72,97
34,47,34,85,59,9,12,62,88,37,50
35,100,75,25,18,69,94,43,31,81,56
36,6,4,55,80,29,42,92,67,17,23
37,73,99,48,36,86,61,10,7,58,83
38,32,45,96,70,20,14,64,89,39,26
39,77,51,1,0,51,76,26,38,89,64
40,13,19,70,95,45,32,83,57,7,10
41,60,86,35,48,98,73,23,16,67,92
42,42,29,79,54,4,5,56,81,30,43
43,94,68,18,24,75,100,49,37,87,62
44,12,8,59,84,34,46,97,71,21,15
45,65,90,40,27,78,53,2,1,52,77
46,27,39,90,64,14,20,71,96,45,33
47,83,58,8,11,61,86,36,49,99,74
48,23,17,68,93,42,30,80,55,4,3
49,53,79,28,41,91,66,15,22,72,98
50,47,34,85,60,9,6,57,82,31,44
51,94,69,19,12,63,88,38,25,75,50
52,0,0,50,76,25,38,88,63,12,19
53,69,94,44,31,82,57,6,9,60,85
54,35,47,98,72,22,16,66,91,41,28
55,79,53,3,5,55,80,30,42,93,68
56,17,23,74,99,49,36,87,61,11,8
57,58,83,33,46,96,71,20,14,64,90
58,39,27,77,52,1,2,53,78,27,40
59,91,65,15,21,72,97,46,34,84,59
60,8,12,62,87,37,50,100,75,24,18
61,68,94,43,31,81,56,5,4,54,79
62,29,42,92,67,16,23,73,98,48,35
63,86,61,10,7,57,83,32,45,95,70
64,20,13,64,89,38,26,76,51,1,1
65,51,77,26,39,89,64,14,20,70,96
66,45,33,83,58,7,10,61,86,36,48
67,99,74,23,17,67,93,42,29,80,55
68,4,6,56,81,31,44,94,69,18,25
69,75,100,50,37,88,63,12,9,59,85
70,34,47,97,72,22,15,66,91,40,28
71,78,53,3,2,52,78,27,40,90,65
72,14,21,71,96,46,33,84,59,8,11
73,62,87,36,49,100,74,24,18,68,93
74,43,30,81,55,5,3,54,79,29,41
75,92,66,16,22,73,98,48,35,85,60
76,10,7,57,82,32,44,95,70,19,13
77,63,89,38,25,76,51,0,0,50,76
78,25,38,88,63,13,19,69,95,44,32
79,82,57,6,9,60,85,35,47,98,73
80,22,16,66,92,41,28,79,54,3,5
81,55,80,30,43,93,68,17,24,74,99
82,49,36,87,62,11,8,58,84,33,46
83,96,71,21,14,65,90,39,27,77,52
84,2,2,53,78,28,40,91,65,15,21
85,72,97,47,34,84,59,9,12,62,88
86,37,50,100,75,24,18,69,94,43,31
87,81,56,6,4,54,80,29,42,92,67
88,17,23,73,99,48,36,86,61,10,7
89,58,83,32,45,95,70,20,13,64,89
90,39,26,77,51,1,0,51,76,26,38
91,89,64,13,19,70,95,45,32,82,57
92,7,10,60,86,35,48,98,73,22,16
93,67,92,41,29,79,54,4,5,56,81
94,30,43,93,68,18,24,75,100,49,37
95,87,62,11,8,59,84,34,46,97,71
96,21,15,65,90,40,27,78,52,2,1
97,52,77,26,39,90,64,14,20,71,96
98,45,33,83,58,7,11,61,86,36,49
99,99,74,23,17,67,93,42,30,80,55
100,4,3,53,78,28,41,91,66,15,22
101,72,97,47,34,85,60,9,6,56,82
102,31,44,94,69,19,12,63,88,37,25
103,75,50,0,0,50,75,25,38,88,63
104,12,19,69,94,44,31,82,56,6,9
105,60,85,34,47,97,72,22,15,66,91
106,41,28,79,53,3,4,55,80,30,42
107,93,68,17,23,74,99,49,36,86,61
108,11,8,58,83,33,45,96,71,20,14
109,64,90,39,26,77,52,1,2,53,78
110,27,40,90,65,15,21,71,97,46,34
111,84,59,8,11,62,87,37,49,100,75
112,24,18,68,94,43,30,81,56,5,4
113,54,79,29,41,92,67,16,23,73,98
114,48,35,86,60,10,7,57,82,32,45
115,95,70,19,13,64,89,38,26,76,51
116,0,1,51,77,26,39,89,64,13,20
117,70,96,45,32,83,58,7,10,61,86
118,36,48,99,73,23,17,67,92,42,29
119,80,54,4,6,56,81,31,43,94,69
120,18,25,75,100,50,37,88,62,12,9
121,59,84,34,47,97,72,21,15,66,91
122,40,28,78,53,2,2,52,77,27,39
123,90,65,14,21,71,96,46,33,84,58
124,8,11,62,87,36,49,99,74,24,17
125,68,93,43,30,81,55,5,3,54,79
126,28,41,92,66,16,22,73,98,47,35
127,85,60,10,6,57,82,32,44,95,69
128,19,13,63,88,38,25,76,51,0,0
129,51,76,25,38,89,63,13,19,70,95
130,44,32,82,57,7,10,60,85,35,48
131,98,73,22,16,67,92,41,29,79,54
132,3,5,55,81,30,43,93,68,18,24
133,74,100,49,37,87,62,11,8,59,84
134,33,46,96,71,21,14,65,90,40,27
135,78,52,2,3,53,78,28,40,91,66
136,15,22,72,97,47,34,85,59,9,12
137,63,88,37,50,100,75,25,18,69,94
138,44,31,82,56,6,4,55,80,29,42
139,93,67,17,23,74,99,48,36,86,61
140,11,7,58,83,33,45,96,70,20,14
141,64,89,39,26,77,52,1,1,51,76
142,26,39,89,64,13,20,70,95,45,32
143,83,57,7,10,61,86,35,48,98,73
144,23,16,67,92,42,29,80,54,4,5
145,56,81,31,43,94,68,18,24,75,100
146,50,37,87,62,12,9,59,84,34,46
147,97,72,21,15,65,91,40,27,78,53
148,2,1,52,77,27,39,90,65,14,20
149,71,96,46,33,83,58,8,11,61,87
150,36,49,99,74,24,17,68,93,42,30
151,80,55,5,3,54,79,28,41,91,66
152,16,22,72,98,47,35,85,60,9,6
153,57,82,31,44,95,69,19,12,63,88
154,38,25,76,50,0,0,50,75,25,38
155,88,63,12,19,69,94,44,31,82,57
156,6,9,60,85,34,47,98,72,22,16
157,66,91,41,28,79,53,3,4,55,80
158,30,42,93,68,17,23,74,99,49,36
159,87,61,11,8,58,83,33,46,96,71
160,20,14,64,90,39,27,77,52,1,2
161,53,78,27,40,90,65,15,21,72,97
162,46,34,84,59,8,12,62,87,37,49
163,100,75,24,18,68,94,43,31,81,56
164,5,4,54,79,29,42,92,67,16,23
165,73,98,48,35,86,61,10,7,57,83
166,32,45,95,70,19,13,64,89,38,26
167,76,51,1,1,51,77,26,39,89,64
168,14,20,70,96,45,32,83,58,7,10
169,61,86,36,48,99,74,23,17,67,92
170,42,29,80,55,4,6,56,81,31,44
171,94,69,18,25,75,100,50,37,88,62
172,12,9,59,85,34,47,97,72,21,15
173,66,91,40,28,78,53,3,2,52,77
174,27,40,90,65,14,21,71,96,46,33
175,84,59,8,11,62,87,36,49,100,74
176,24,18,68,93,43,30,81,55,5,3
177,54,79,29,41,92,66,16,22,73,98
178,47,35,85,60,10,6,57,82,32,44
179,95,70,19,13,63,89,38,25,76,51
180,0,0,50,76,25,38,88,63,13,19
181,69,95,44,32,82,57,6,9,60,85
182,35,47,98,73,22,16,66,91,41,28
183,79,54,3,5,55,80,30,43,93,68
184,17,24,74,99,49,36,87,61,11,8
185,58,84,33,46,96,71,20,14,65,90
186,39,27,77,52,2,2,53,78,28,40
187,91,65,15,21,72,97,46,34,84,59
188,9,12,62,88,37,50,100,75,24,18
189,69,94,43,31,81,56,5,4,54,80
190,29,42,92,67,17,23,73,99,48,35
191,86,61,10,7,58,83,32,45,95,70
192,20,13,64,89,39,26,76,51,1,0
193,51,76,26,38,89,63,13,19,70,95
194,45,32,82,57,7,10,60,86,35,48
195,98,73,22,16,67,92,41,29,79,54
196,4,5,56,81,30,43,93,68,18,24
197,75,100,49,37,87,62,11,8,59,84
198,33,46,97,71,21,15,65,90,40,27
199,78,52,2,1,52,77,26,39,89,64
200,14,20,71,96,45,33,83,58,7,11
201,61,86,36,48,99,74,23,17,67,93
202,42,30,80,55,4,3,53,78,28,41
203,91,66,15,22,72,97,47,34,85,60
204,9,6,56,82,31,44,94,69,18,12
205,63,88,37,25,75,50,0,0,50,75
206,25,37,88,63,12,19,69,94,44,31
207,82,56,6,9,60,85,34,47,97,72
208,22,15,66,91,41,28,78,53,3,4
209,55,80,30,42,93,67,17,23,74,99
210,48,36,86,61,11,7,58,83,33,45
211,96,71,20,14,64,90,39,26,77,52
212,1,2,52,78,27,40,90,65,15,21
213,71,97,46,34,84,59,8,11,62,87
214,37,49,100,75,24,18,68,93,43,30
215,81,56,5,4,54,79,29,41,92,67
216,16,22,73,98,48,35,86,60,10,7
217,57,82,32,45,95,70,19,13,63,89
218,38,26,76,51,0,1,51,77,26,39
219,89,64,13,20,70,95,45,32,83,58
220,7,10,61,86,35,48,99,73,23,17
221,67,92,42,29,80,54,4,6,56,81
222,31,43,94,69,18,24,75,100,50,37
223,88,62,12,9,59,84,34,47,97,72
224,21,15,65,91,40,28,78,53,2,2
225,52,77,27,39,90,65,14,20,71,96
226,46,33,84,58,8,11,62,87,36,49
227,99,74,24,17,68,93,43,30,80,55
228,5,3,54,79,28,41,91,66,16,22
229,73,98,47,35,85,60,9,6,57,82
230,32,44,95,69,19,13,63,88,38,25
231,76,50,0,0,51,76,25,38,89,63
232,13,19,70,95,44,32,82,57,6,10
233,60,85,35,48,98,73,22,16,66,92
234,41,29,79,54,3,5,55,81,30,43
235,93,68,18,24,74,100,49,36,87,62
236,11,8,59,84,33,46,96,71,21,14
237,65,90,40,27,77,52,2,3,53,78
238,28,40,91,66,15,21,72,97,47,34
239,85,59,9,12,62,88,37,50,100,75
240,25,18,69,94,44,31,81,56,6,4
241,55,80,29,42,92,67,17,23,74,99
242,48,36,86,61,10,7,58,83,33,45
243,96,70,20,14,64,89,39,26,77,51
244,1,1,51,76,26,38,89,64,13,20
245,70,95,45,32,83,57,7,10,61,86
246,35,48,98,73,23,16,67,92,42,29
247,79,54,4,5,56,81,31,43,94,68
248,18,24,75,100,49,37,87,62,12,8
249,59,84,34,46,97,72,21,15,65,91
250,40,27,78,53,2,1,52,77,27,39
251,90,64,14,20,71,96,46,33,83,58
252,8,11,61,87,36,49,99,74,23,17
253,68,93,42,30,80,55,5,3,53,79
254,28,41,91,66,16,22,72,98,47,34
255,85,60,9,6,57,82,31,44,94,69
256,19,12,63,88,38,25,76,50,0,0
257,50,76,25,38,88,63,13,19,69,95
258,44,31,82,57,6,9,60,85,35,47
259,98,72,22,16,66,91,41,28,79,54
260,3,5,55,80,30,42,93,68,17,24
261,74,99,49,36,87,61,11,8,58,84
262,33,46,96,71,20,14,65,90,39,27
263,77,52,1,2,53,78,27,40,91,65
264,15,21,72,97,46,34,84,59,9,12
265,62,87,37,50,100,75,24,18,69,94
266,43,31,81,56,5,4,54,80,29,42
267,92,67,16,23,73,98,48,35,86,61
268,10,7,57,83,32,45,95,70,20,13
269,64,89,39,26,76,51,1,1,52,77
270,26,39,89,64,14,20,70,96,45,33
271,83,58,7,11,61,86,36,48,99,74
272,23,17,67,93,42,29,80,55,4,6
273,56,82,31,44,94,69,18,25,75,100
274,50,37,88,63,12,9,59,85,34,47
275,97,72,22,15,66,91,41,28,78,53
276,3,2,52,78,27,40,90,65,14,21
277,71,97,46,33,84,59,8,11,62,87
278,37,49,100,74,24,18,68,93,43,30
279,81,55,5,3,54,79,29,41,92,67
280,16,22,73,98,48,35,85,60,10,7
281,57,82,32,44,95,70,19,13,63,89
282,38,26,76,51,0,0,51,76,25,38
283,88,63,13,19,70,95,44,32,82,57
284,6,10,60,85,35,47,98,73,22,16
285,66,92,41,28,79,54,3,5,55,81
286,30,43,93,68,17,24,74,99,49,36
287,87,62,11,8,58,84,33,46,96,71
288,21,14,65,90,40,27,77,52,2,2
289,53,78,28,40,91,66,15,21,72,97
290,47,34,84,59,9,12,62,88,37,50
291,100,75,25,18,69,94,43,31,81,56
292,6,4,55,80,29,42,92,67,17,23
293,73,99,48,36,86,61,10,7,58,83
294,32,45,96,70,20,13,64,89,39,26
295,77,51,1,0,51,76,26,38,89,64
296,13,19,70,95,45,32,83,57,7,10
297,60,86,35,48,98,73,23,16,67,92
298,41,29,79,54,4,5,56,81,30,43
299,94,68,18,24,75,100,49,37,87,62
300,12,8,59,84,34,46,97,71,21,15
301,65,90,40,27,78,53,2,1,52,77
302,27,39,90,64,14,20,71,96,45,33
303,83,58,8,11,61,86,36,49,99,74
304,23,17,68,93,42,30,80,55,4,3
305,53,79,28,41,91,66,15,22,72,98
306,47,34,85,60,9,6,56,82,31,44
307,94,69,19,12,63,88,38,25,75,50
308,0,0,50,75,25,38,88,63,12,19
309,69,94,44,31,82,56,6,9,60,85
310,34,47,97,72,22,15,66,91,41,28
311,79,53,3,4,55,80,30,42,93,67
312,17,23,74,99,49,36,86,61,11,8
313,58,83,33,45,96,71,20,14,64,90
314,39,26,77,52,1,2,52,78,27,40
315,90,65,15,21,71,97,46,34,84,59
316,8,11,62,87,37,49,100,75,24,18
317,68,94,43,30,81,56,5,4,54,79
318,29,41,92,67,16,23,73,98,48,35
319,86,60,10,7,57,82,32,45,95,70
320,19,13,64,89,38,26,76,51,0,1
321,51,77,26,39,89,64,13,20,70,95
322,45,32,83,58,7,10,61,86,36,48
323,99,73,23,17,67,92,42,29,80,54
324,4,6,56,81,31,43,94,69,18,24
325,75,100,50,37,88,62,12,9,59,84
326,34,47,97,72,21,15,66,91,40,28
327,78,53,2,2,52,77,27,39,90,65
328,14,21,71,96,46,33,84,58,8,11
329,62,87,36,49,99,74,24,17,68,93
330,43,30,80,55,5,3,54,79,28,41
331,92,66,16,22,73,98,47,35,85,60
332,9,6,57,82,32,44,95,69,19,13
333,63,88,38,25,76,51,0,0,51,76
334,25,38,89,63,13,19,70,95,44,32
335,82,57,7,10,60,85,35,48,98,73
336,22,16,66,92,41,29,79,54,3,5
337,55,81,30,43,93,68,18,24,74,100
338,49,37,87,62,11,8,59,84,33,46
339,96,71,21,14,65,90,40,27,78,52
340,2,3,53,78,28,40,91,66,15,22
341,72,97,47,34,85,59,9,12,63,88
342,37,50,100,75,25,18,69,94,44,31
343,81,56,6,4,55,80,29,42,93,67
344,17,23,74,99,48,36,86,61,10,7
345,58,83,33,45,96,70,20,14,64,89
346,39,26,77,52,1,1,51,76,26,38
347,89,64,13,20,70,95,45,32,83,57
348,7,10,61,86,35,48,98,73,23,16
349,67,92,42,29,80,54,4,5,56,81
350,31,43,94,68,18,24,75,100,50,37
351,87,62,12,9,59,84,34,46,97,72
352,21,15,65,91,40,27,78,53,2,1
353,52,77,27,39,90,65,14,20,71,96
354,46,33,83,58,8,11,61,87,36,49
355,99,74,23,17,68,93,42,30,80,55
356,5,3,53,79,28,41,91,66,16,22
357,72,98,47,35,85,60,9,6,57,82
358,31,44,94,69,19,12,63,88,38,25
359,76,50,0,0,50,75,25,38,88,63
360,12,19,69,94,44,31,82,57,6,9
361,60,85,34,47,98,72,22,16,66,91
362,41,28,79,53,3,4,55,80,30,42
363,93,68,17,23,74,99,49,36,87,61
364,11,8,58,83,33,45,96,71,20,14
365,64,90,39,27,77,52,1,2,53,78
366,27,40,90,65,15,21,72,97,46,34
367,84,59,8,12,62,87,37,49,100,75
368,24,18,68,94,43,30,81,56,5,4
369,54,79,29,42,92,67,16,23,73,98
370,48,35,86,60,10,7,57,83,32,45
371,95,70,19,13,64,89,38,26,76,51
372,1,1,51,77,26,39,89,64,14,20
373,70,96,45,32,83,58,7,10,61,86
374,36,48,99,73,23,17,67,92,42,29
375,80,55,4,6,56,81,31,44,94,69
376,18,25,75,100,50,37,88,62,12,9
377,59,85,34,47,97,72,21,15,66,91
378,40,28,78,53,2,2,52,77,27,40
379,90,65,14,21,71,96,46,33,84,59
380,8,11,62,87,36,49,100,74,24,17
381,68,93,43,30,81,55,5,3,54,79
382,29,41,92,66,16,22,73,98,47,35
383,85,60,10,6,57,82,32,44,95,70
384,19,13,63,88,38,25,76,51,0,0
385,50,76,25,38,88,63,13,19,69,95
386,44,31,82,57,6,9,60,85,35,47
387,98,73,22,16,66,91,41,28,79,54
388,3,5,55,80,30,43,93,68,17,24
389,74,99,49,36,87,61,11,8,58,84
390,33,46,96,71,20,14,65,90,39,27
391,77,52,2,2,53,78,28,40,91,65
392,15,21,72,97,46,34,84,59,9,12
393,62,87,37,50,100,75,24,18,69,94
394,43,31,81,56,5,4,54,80,29,42
395,92,67,16,23,73,99,48,35,86,61
396,10,7,58,83,32,45,95,70,20,13
397,64,89,39,26,76,51,1,0,51,76
398,26,38,89,63,13,19,70,95,45,32
399,82,57,7,10,60,86,35,48,98,73
400,22,16,67,92,41,29,79,54,3,5
401,56,81,30,43,93,68,18,24,74,100
402,49,37,87,62,11,8,59,84,33,46
403,97,71,21,15,65,90,40,27,78,52
404,2,1,52,77,26,39,89,64,14,20
405,71,96,45,33,83,58,7,11,61,86
406,36,48,99,74,23,17,67,93,42,30
407,80,55,4,3,53,78,28,41,91,66
408,15,22,72,97,47,34,85,59,9,6
409,56,82,31,44,94,69,18,12,63,88
410,37,25,75,50,0,0,50,75,25,37
411,88,63,12,18,69,94,44,31,82,56
412,6,9,60,85,34,47,97,72,22,15
413,66,91,41,28,78,53,3,4,55,80
414,30,42,93,67,17,23,74,99,48,36
415,86,61,11,7,58,83,33,45,96,71
416,20,14,64,89,39,26,77,52,1,2
417,52,78,27,40,90,65,15,21,71,97
418,46,33,84,59,8,11,62,87,37,49
419,100,74,24,18,68,93,43,30,81,56
420,5,3,54,79,29,41,92,67,16,22
421,73,98,48,35,86,60,10,7,57,82
422,32,45,95,70,19,13,63,89,38,26
423,76,51,0,1,51,76,26,39,89,64
424,13,20,70,95,45,32,83,58,7,10
425,61,86,35,48,99,73,23,17,67,92
426,42,29,80,54,4,5,56,81,31,43
427,94,69,18,24,75,100,50,37,88,62
428,12,9,59,84,34,46,97,72,21,15
429,65,91,40,28,78,53,2,2,52,77
430,27,39,90,65,14,20,71,96,46,33
431,84,58,8,11,61,87,36,49,99,74
432,24,17,68,93,43,30,80,55,5,3
433,54,79,28,41,91,66,16,22,73,98
434,47,35,85,60,9,6,57,82,31,44
435,95,69,19,13,63,88,38,25,76,50
436,0,0,51,76,25,38,88,63,13,19
437,70,95,44,32,82,57,6,10,60,85
438,35,47,98,73,22,16,66,92,41,29
439,79,54,3,5,55,81,30,43,93,68
440,17,24,74,100,49,36,87,62,11,8
441,59,84,33,46,96,71,21,14,65,90
442,40,27,77,52,2,3,53,78,28,40
443,91,66,15,21,72,97,47,34,85,59
444,9,12,62,88,37,50,100,75,25,18
445,69,94,44,31,81,56,6,4,55,80
446,29,42,92,67,17,23,74,99,48,36
447,86,61,10,7,58,83,32,45,96,70
448,20,14,64,89,39,26,77,51,1,1
449,51,76,26,38,89,64,13,19,70,95
450,45,32,83,57,7,10,60,86,35,48
451,98,73,23,16,67,92,42,29,79,54
452,4,5,56,81,31,43,94,68,18,24
453,75,100,49,37,87,62,12,8,59,84
454,34,46,97,72,21,15,65,90,40,27
455,78,53,2,1,52,77,27,39,90,64
456,14,20,71,96,46,33,83,58,8,11
457,61,87,36,49,99,74,23,17,68,93
458,42,30,80,55,4,3,53,79,28,41
459,91,66,16,22,72,98,47,34,85,60
460,9,6,57,82,31,44,94,69,19,12
461,63,88,38,25,75,50,0,0,50,76
462,25,38,88,63,12,19,69,95,44,31
463,82,57,6,9,60,85,35,47,98,72
464,22,16,66,91,41,28,79,53,3,5
465,55,80,30,42,93,68,17,24,74,99
466,49,36,87,61,11,8,58,83,33,46
467,96,71,20,14,65,90,39,27,77,52
468,1,2,53,78,27,40,91,65,15,21
469,72,97,46,34,84,59,9,12,62,87
470,37,50,100,75,24,18,68,94,43,31
471,81,56,5,4,54,80,29,42,92,67
472,16,23,73,98,48,35,86,61,10,7
473,57,83,32,45,95,70,20,13,64,89
474,38,26,76,51,1,1,52,77,26,39
475,89,64,14,20,70,96,45,33,83,58
476,7,10,61,86,36,48,99,74,23,17
477,67,93,42,29,80,55,4,6,56,81
478,31,44,94,69,18,25,75,100,50,37
479,88,63,12,9,59,85,34,47,97,72
480,22,15,66,91,40,28,78,53,3,2
481,52,78,27,40,90,65,14,21,71,96
482,46,33,84,59,8,11,62,87,37,49
483,100,74,24,18,68,93,43,30,81,55
484,5,3,54,79,29,41,92,67,16,22
485,73,98,48,35,85,60,10,7,57,82
486,32,44,95,70,19,13,63,89,38,25
487,76,51,0,0,51,76,25,38,88,63
488,13,19,69,95,44,32,82,57,6,10
489,60,85,35,47,98,73,22,16,66,92
490,41,28,79,54,3,5,55,81,30,43
491,93,68,17,24,74,99,49,36,87,62
492,11,8,58,84,33,46,96,71,21,14
493,65,90,39,27,77,52,2,2,53,78
494,28,40,91,66,15,21,72,97,47,34
495,84,59,9,12,62,88,37,50,100,75
496,24,18,69,94,43,31,81,56,6,4
497,54,80,29,42,92,67,17,23,73,99
498,48,36,86,61,10,7,58,83,32,45
499,95,70,20,13,64,89,39,26,77,51
500,1,0,51,76,26,38,89,64,13,19
501,70,95,45,32,82,57,7,10,60,86
502,35,48,98,73,23,16,67,92,41,29
503,79,54,4,5,56,81,30,43,94,68
504,18,24,75,100,49,37,87,62,11,8
505,59,84,34,46,97,71,21,15,65,90
506,40,27,78,53,2,1,52,77,26,39
507,90,64,14,20,71,96,45,33,83,58
508,8,11,61,86,36,49,99,74,23,17
509,67,93,42,30,80,55,4,3,53,79
510,28,41,91,66,15,22,72,97,47,34
511,85,60,9,6,56,82,31,44,94,69
512,19,12,63,88,38,25,75,50,0,0
513,50,75,25,38,88,63,12,19,69,94
514,44,31,82,56,6,9,60,85,34,47
515,98,72,22,15,66,91,41,28,79,53
516,3,4,55,80,30,42,93,68,17,23
517,74,99,49,36,86,61,11,8,58,83
518,33,45,96,71,20,14,64,90,39,27
519,77,52,1,2,53,78,27,40,90,65
520,15,21,71,97,46,34,84,59,8,12
521,62,87,37,49,100,75,24,18,68,94
522,43,30,81,56,5,4,54,79,29,42
523,92,67,16,23,73,98,48,35,86,60
524,10,7,57,83,32,45,95,70,19,13
525,64,89,38,26,76,51,0,1,51,77
526,26,39,89,64,14,20,70,96,45,32
527,83,58,7,10,61,86,36,48,99,73
528,23,17,67,92,42,29,80,55,4,6
529,56,81,31,43,94,69,18,25,75,100
530,50,37,88,62,12,9,59,85,34,47
531,97,72,21,15,66,91,40,28,78,53
532,2,2,52,77,27,40,90,65,14,21
533,71,96,46,33,84,58,8,11,62,87
534,36,49,99,74,24,17,68,93,43,30
535,81,55,5,3,54,79,28,41,92,66
536,16,22,73,98,47,35,85,60,10,6
537,57,82,32,44,95,70,19,13,63,88
538,38,25,76,51,0,0,51,76,26,38
539,89,63,13,19,70,95,44,32,82,57
540,7,10,60,85,35,48,98,73,22,16
541,67,92,41,29,79,54,3,5,56,81
542,30,43,93,68,18,24,74,100,49,37
543,87,62,11,8,59,84,33,46,97,71
544,21,14,65,90,40,27,78,52,2,3
545,53,78,28,41,91,66,15,22,72,97
546,47,34,85,59,9,12,63,88,37,50
547,100,75,25,18,69,94,44,31,82,56
548,6,4,55,80,29,42,93,67,17,23
549,74,99,48,36,86,61,11,7,58,83
550,33,45,96,70,20,14,64,89,39,26
551,77,52,1,1,51,76,26,39,89,64
552,13,20,70,95,45,32,83,57,7,10
553,61,86,35,48,99,73,23,16,67,92
554,42,29,80,54,4,5,56,81,31,43
555,94,69,18,24,75,100,50,37,87,62
556,12,9,59,84,34,46,97,72,21,15
557,65,91,40,28,78,53,2,1,52,77
558,27,39,90,65,14,20,71,96,46,33
559,84,58,8,11,61,87,36,49,99,74
560,24,17,68,93,42,30,80,55,5,3
561,54,79,28,41,91,66,16,22,72,98
562,47,35,85,60,9,6,57,82,31,44
563,95,69,19,13,63,88,38,25,76,50
564,0,0,50,76,25,38,88,63,12,19
565,69,94,44,31,82,57,6,9,60,85
566,35,47,98,72,22,16,66,91,41,28
567,79,53,3,5,55,80,30,42,93,68
568,17,23,74,99,49,36,87,61,11,8
569,58,83,33,46,96,71,20,14,64,90
570,39,27,77,52,1,2,53,78,27,40
571,91,65,15,21,72,97,46,34,84,59
572,8,12,62,87,37,49,100,75,24,18
573,68,94,43,31,81,56,5,4,54,79
574,29,42,92,67,16,23,73,98,48,35
575,86,61,10,7,57,83,32,45,95,70
576,20,13,64,89,38,26,76,51,1,1
577,51,77,26,39,89,64,14,20,70,96
578,45,33,83,58,7,10,61,86,36,48
579,99,74,23,17,67,92,42,29,80,55
580,4,6,56,81,31,44,94,69,18,25
581,75,100,50,37,88,63,12,9,59,85
582,34,47,97,72,21,15,66,91,40,28
583,78,53,3,2,52,78,27,40,90,65
584,14,21,71,96,46,33,84,59,8,11
585,62,87,36,49,100,74,24,18,68,93
586,43,30,81,55,5,3,54,79,29,41
587,92,66,16,22,73,98,48,35,85,60
588,10,6,57,82,32,44,95,70,19,13
589,63,89,38,25,76,51,0,0,50,76
590,25,38,88,63,13,19,69,95,44,32
591,82,57,6,9,60,85,35,47,98,73
592,22,16,66,92,41,28,79,54,3,5
593,55,80,30,43,93,68,17,24,74,99
594,49,36,87,62,11,8,58,84,33,46
595,96,71,21,14,65,90,39,27,77,52
596,2,2,53,78,28,40,91,65,15,21
597,72,97,47,34,84,59,9,12,62,88
598,37,50,100,75,24,18,69,94,43,31
599,81,56,6,4,54,80,29,42,92,67
600,17,23,73,99,48,35,86,61,10,7
601,58,83,32,45,95,70,20,13,64,89
602,39,26,77,51,1,0,51,76,26,38
603,89,63,13,19,70,95,45,32,82,57
604,7,10,60,86,35,48,98,73,22,16
605,67,92,41,29,79,54,4,5,56,81
606,30,43,93,68,18,24,75,100,49,37
607,87,62,11,8,59,84,34,46,97,71
608,21,15,65,90,40,27,78,52,2,1
609,52,77,26,39,90,64,14,20,71,96
610,45,33,83,58,7,11,61,86,36,49
611,99,74,23,17,67,93,42,30,80,55
612,4,3,53,78,28,41,91,66,15,22
613,72,97,47,34,85,60,9,6,56,82
614,31,44,94,69,19,12,63,88,37,25
615,75,50,0,0,50,75,25,37,88,63
616,12,19,69,94,44,31,82,56,6,9
617,60,85,34,47,97,72,22,15,66,91
618,41,28,78,53,3,4,55,80,30,42
619,93,67,17,23,74,99,48,36,86,61
620,11,7,58,83,33,45,96,71,20,14
621,64,90,39,26,77,52,1,2,52,78
622,27,40,90,65,15,21,71,97,46,33
623,84,59,8,11,62,87,37,49,100,75
624,24,18,68,93,43,30,81,56,5,4
625,54,79,29,41,92,67,16,22,73,98
626,48,35,86,60,10,7,57,82,32,45
627,95,70,19,13,63,89,38,26,76,51
628,0,1,51,76,26,39,89,64,13,20
629,70,95,45,32,83,58,7,10,61,86
630,35,48,99,73,23,17,67,92,42,29
631,80,54,4,5,56,81,31,43,94,69
632,18,24,75,100,50,37,88,62,12,9
633,59,84,34,47,97,72,21,15,65,91
634,40,28,78,53,2,2,52,77,27,39
635,90,65,14,20,71,96,46,33,84,58
636,8,11,62,87,36,49,99,74,24,17
637,68,93,43,30,80,55,5,3,54,79
638,28,41,91,66,16,22,73,98,47,35
639,85,60,9,6,57,82,32,44,95,69
640,19,13,63,88,38,25,76,50,0,0
641,51,76,25,38,89,63,13,19,70,95
642,44,32,82,57,6,10,60,85,35,47
643,98,73,22,16,66,92,41,29,79,54
644,3,5,55,81,30,43,93,68,18,24
645,74,100,49,36,87,62,11,8,59,84
646,33,46,96,71,21,14,65,90,40,27
647,77,52,2,3,53,78,28,40,91,66
648,15,21,72,97,47,34,85,59,9,12
649,62,88,37,50,100,75,25,18,69,94
650,44,31,81,56,6,4,55,80,29,42
651,92,67,17,23,74,99,48,36,86,61
652,10,7,58,83,33,45,96,70,20,14
653,64,89,39,26,77,51,1,1,51,76
654,26,38,89,64,13,19,70,95,45,32
655,83,57,7,10,61,86,35,48,98,73
656,23,16,67,92,42,29,79,54,4,5
657,56,81,31,43,94,68,18,24,75,100
658,49,37,87,62,12,8,59,84,34,46
659,97,72,21,15,65,90,40,27,78,53
660,2,1,52,77,27,39,90,64,14,20
661,71,96,46,33,83,58,8,11,61,87
662,36,49,99,74,23,17,68,93,42,30
663,80,55,5,3,53,79,28,41,91,66
664,16,22,72,98,47,34,85,60,9,6
665,57,82,31,44,94,69,19,12,63,88
666,38,25,76,50,0,0,50,76,25,38
667,88,63,12,19,69,95,44,31,82,57
668,6,9,60,85,35,47,98,72,22,16
669,66,91,41,28,79,54,3,5,55,80
670,30,42,93,68,17,24,74,99,49,36
671,87,61,11,8,58,83,33,46,96,71
672,20,14,65,90,39,27,77,52,1,2
673,53,78,27,40,91,65,15,21,72,97
674,46,34,84,59,9,12,62,87,37,50
675,100,75,24,18,69,94,43,31,81,56
676,5,4,54,80,29,42,92,67,16,23
677,73,98,48,35,86,61,10,7,57,83
678,32,45,95,70,20,13,64,89,39,26
679,76,51,1,1,52,77,26,39,89,64
680,14,20,70,96,45,33,83,58,7,11
681,61,86,36,48,99,74,23,17,67,93
682,42,29,80,55,4,6,56,82,31,44
683,94,69,18,25,75,100,50,37,88,63
684,12,9,59,85,34,47,97,72,22,15
685,66,91,40,28,78,53,3,2,52,78
686,27,40,90,65,14,21,71,97,46,33
687,84,59,8,11,62,87,37,49,100,74
688,24,18,68,93,43,30,81,55,5,3
689,54,79,29,41,92,67,16,22,73,98
690,48,35,85,60,10,7,57,82,32,44
691,95,70,19,13,63,89,38,26,76,51
692,0,0,51,76,25,38,88,63,13,19
693,69,95,44,32,82,57,6,10,60,85
694,35,47,98,73,22,16,66,92,41,28
695,79,54,3,5,55,81,30,43,93,68
696,17,24,74,99,49,36,87,62,11,8
697,58,84,33,46,96,71,21,14,65,90
698,40,27,77,52,2,2,53,78,28,40
699,91,66,15,21,72,97,47,34,84,59
700,9,12,62,88,37,50,100,75,25,18
701,69,94,43,31,81,56,6,4,54,80
702,29,42,92,67,17,23,73,99,48,36
703,86,61,10,7,58,83,32,45,96,70
704,20,13,64,89,39,26,77,51,1,0
705,51,76,26,38,89,64,13,19,70,95
706,45,32,83,57,7,10,60,86,35,48
707,98,73,23,16,67,92,41,29,79,54
708,4,5,56,81,30,43,94,68,18,24
709,75,100,49,37,87,62,12,8,59,84
710,34,46,97,71,21,15,65,90,40,27
711,78,53,2,1,52,77,26,39,90,64
712,14,20,71,96,45,33,83,58,8,11
713,61,86,36,49,99,74,23,17,68,93
714,42,30,80,55,4,3,53,79,28,41
715,91,66,15,22,72,97,47,34,85,60
716,9,6,56,82,31,44,94,69,19,12
717,63,88,38,25,75,50,0,0,50,75
718,25,37,88,63,12,19,69,94,44,31
719,82,56,6,9,60,85,34,47,97,72
720,22,15,66,91,41,28,79,53,3,4
721,55,80,30,42,93,67,17,23,74,99
722,49,36,86,61,11,8,58,83,33,45
723,96,71,20,14,64,90,39,26,77,52
724,1,2,52,78,27,40,90,65,15,21
725,71,97,46,34,84,59,8,11,62,87
726,37,49,100,75,24,18,68,94,43,30
727,81,56,5,4,54,79,29,41,92,67
728,16,22,73,98,48,35,86,60,10,7
729,57,82,32,45,95,70,19,13,64,89
730,38,26,76,51,0,1,51,77,26,39
731,89,64,13,20,70,95,45,32,83,58
732,7,10,61,86,36,48,99,73,23,17
733,67,92,42,29,80,54,4,6,56,81
734,31,43,94,69,18,24,75,100,50,37
735,88,62,12,9,59,84,34,47,97,72
736,21,15,65,91,40,28,78,53,2,2
737,52,77,27,39,90,65,14,21,71,96
738,46,33,84,58,8,11,62,87,36,49
739,99,74,24,17,68,93,43,30,80,55
740,5,3,54,79,28,41,92,66,16,22
741,73,98,47,35,85,60,9,6,57,82
742,32,44,95,69,19,13,63,88,38,25
743,76,51,0,0,51,76,25,38,89,63
744,13,19,70,95,44,32,82,57,7,10
745,60,85,35,48,98,73,22,16,66,92
746,41,29,79,54,3,5,55,81,30,43
747,93,68,18,24,74,100,49,37,87,62
748,11,8,59,84,33,46,96,71,21,14
749,65,90,40,27,78,52,2,3,53,78
750,28,40,91,66,15,22,72,97,47,34
751,85,59,9,12,63,88,37,50,100,75
752,25,18,69,94,44,31,81,56,6,4
753,55,80,29,42,93,67,17,23,74,99
754,48,36,86,61,10,7,58,83,33,45
755,96,70,20,14,64,89,39,26,77,51
756,1,1,51,76,26,38,89,64,13,20
757,70,95,45,32,83,57,7,10,61,86
758,35,48,98,73,23,16,67,92,42,29
759,79,54,4,5,56,81,31,43,94,68
760,18,24,75,100,50,37,87,62,12,8
761,59,84,34,46,97,72,21,15,65,91
762,40,27,78,53,2,1,52,77,27,39
763,90,65,14,20,71,96,46,33,83,58
764,8,11,61,87,36,49,99,74,23,17
765,68,93,42,30,80,55,5,3,53,79
766,28,41,91,66,16,22,72,98,47,35
767,85,60,9,6,57,82,31,44,94,69
768,19,12,63,88,38,25,76,50,0,0
769,50,75,25,38,88,63,12,19,69,94
770,44,31,82,57,6,9,60,85,34,47
771,98,72,22,15,66,91,41,28,79,53
772,3,4,55,80,30,42,93,68,17,23
773,74,99,49,36,86,61,11,8,58,83
774,33,45,96,71,20,14,64,90,39,27
775,77,52,1,2,53,78,27,40,90,65
776,15,21,72,97,46,34,84,59,8,12
777,62,87,37,49,100,75,24,18,68,94
778,43,30,81,56,5,4,54,79,29,42
779,92,67,16,23,73,98,48,35,86,60
780,10,7,57,83,32,45,95,70,19,13
781,64,89,38,26,76,51,1,1,51,77
782,26,39,89,64,14,20,70,96,45,32
783,83,58,7,10,61,86,36,48,99,73
784,23,17,67,92,42,29,80,55,4,6
785,56,81,31,44,94,69,18,25,75,100
786,50,37,88,62,12,9,59,85,34,47
787,97,72,21,15,66,91,40,28,78,53
788,2,2,52,77,27,40,90,65,14,21
789,71,96,46,33,84,58,8,11,62,87
790,36,49,100,74,24,17,68,93,43,30
791,81,55,5,3,54,79,29,41,92,66
792,16,22,73,98,47,35,85,60,10,6
793,57,82,32,44,95,70,19,13,63,88
794,38,25,76,51,0,0,50,76,25,38
795,88,63,13,19,69,95,44,31,82,57
796,6,9,60,85,35,47,98,72,22,16
797,66,91,41,28,79,54,3,5,55,80
798,30,43,93,68,17,24,74,99,49,36
799,87,61,11,8,58,84,33,46,96,71
800,20,14,65,90,39,27,77,52,1,2
801,53,78,28,40,91,65,15,21,72,97
802,46,34,84,59,9,12,62,87,37,50
803,100,75,24,18,69,94,43,31,81,56
804,5,4,54,80,29,42,92,67,16,23
805,73,99,48,35,86,61,10,7,58,83
806,32,45,95,70,20,13,64,89,39,26
807,76,51,1,0,51,76,26,38,89,63
808,13,19,70,95,44,32,82,57,7,10
809,60,86,35,48,98,73,22,16,67,92
810,41,29,79,54,3,5,56,81,30,43
811,93,68,18,24,74,100,49,37,87,62
812,11,8,59,84,33,46,97,71,21,15
813,65,90,40,27,78,52,2,1,52,77
814,26,39,89,64,14,20,71,96,45,33
815,83,58,7,11,61,86,36,48,99,74
816,23,17,67,93,42,30,80,55,4,3
817,53,78,28,41,91,66,15,22,72,97
818,47,34,85,59,9,6,56,82,31,44
819,94,69,18,12,63,88,37,25,75,50
820,0,0,50,75,25,37,88,63,12,18
821,69,94,44,31,82,56,6,9,59,85
822,34,47,97,72,22,15,66,91,41,28
823,78,53,3,4,55,80,30,42,93,67
824,17,23,74,99,48,36,86,61,11,7
825,58,83,33,45,96,71,20,14,64,89
826,39,26,77,52,1,2,52,78,27,40
827,90,65,15,21,71,97,46,33,84,59
828,8,11,62,87,37,49,100,74,24,18
829,68,93,43,30,81,56,5,3,54,79
830,29,41,92,67,16,22,73,98,48,35
831,86,60,10,7,57,82,32,44,95,70
832,19,13,63,89,38,26,76,51,0,1
833,51,76,26,39,89,64,13,20,70,95
834,45,32,83,58,7,10,61,86,35,48
835,99,73,23,16,67,92,42,29,80,54
836,4,5,56,81,31,43,94,69,18,24
837,75,100,50,37,87,62,12,9,59,84
838,34,46,97,72,21,15,65,91,40,28
839,78,53,2,2,52,77,27,39,90,65
840,14,20,71,96,46,33,84,58,8,11
841,61,87,36,49,99,74,24,17,68,93
842,43,30,80,55,5,3,54,79,28,41
843,91,66,16,22,73,98,47,35,85,60
844,9,6,57,82,31,44,95,69,19,13
845,63,88,38,25,76,50,0,0,51,76
846,25,38,88,63,13,19,70,95,44,32
847,82,57,6,10,60,85,35,47,98,73
848,22,16,66,92,41,29,79,54,3,5
849,55,81,30,43,93,68,17,24,74,100
850,49,36,87,62,11,8,58,84,33,46
851,96,71,21,14,65,90,40,27,77,52
852,2,2,53,78,28,40,91,66,15,21
853,72,97,47,34,85,59,9,12,62,88
854,37,50,100,75,25,18,69,94,44,31
855,81,56,6,4,55,80,29,42,92,67
856,17,23,73,99,48,36,86,61,10,7
857,58,83,32,45,96,70,20,14,64,89
858,39,26,77,51,1,1,51,76,26,38
859,89,64,13,19,70,95,45,32,83,57
860,7,10,60,86,35,48,98,73,23,16
861,67,92,42,29,79,54,4,5,56,81
862,30,43,94,68,18,24,75,100,49,37
863,87,62,12,8,59,84,34,46,97,72
864,21,15,65,90,40,27,78,53,2,1
865,52,77,27,39,90,64,14,20,71,96
866,45,33,83,58,8,11,61,87,36,49
867,99,74,23,17,68,93,42,30,80,55
868,4,3,53,79,28,41,91,66,16,22
869,72,98,47,34,85,60,9,6,57,82
870,31,44,94,69,19,12,63,88,38,25
871,75,50,0,0,50,76,25,38,88,63
872,12,19,69,94,44,31,82,57,6,9
873,60,85,35,47,98,72,22,16,66,91
874,41,28,79,53,3,5,55,80,30,42
875,93,68,17,23,74,99,49,36,87,61
876,11,8,58,83,33,46,96,71,20,14
877,65,90,39,27,77,52,1,2,53,78
878,27,40,91,65,15,21,72,97,46,34
879,84,59,9,12,62,87,37,50,100,75
880,24,18,68,94,43,31,81,56,5,4
881,54,80,29,42,92,67,16,23,73,98
882,48,35,86,61,10,7,57,83,32,45
883,95,70,20,13,64,89,38,26,76,51
884,1,1,51,77,26,39,89,64,14,20
885,70,96,45,33,83,58,7,10,61,86
886,36,48,99,74,23,17,67,93,42,29
887,80,55,4,6,56,81,31,44,94,69
888,18,25,75,100,50,37,88,63,12,9
889,59,85,34,47,97,72,22,15,66,91
890,40,28,78,53,3,2,52,78,27,40
891,90,65,14,21,71,96,46,33,84,59
892,8,11,62,87,37,49,100,74,24,18
893,68,93,43,30,81,55,5,3,54,79
894,29,41,92,66,16,22,73,98,48,35
895,85,60,10,7,57,82,32,44,95,70
896,19,13,63,89,38,25,76,51,0,0
897,51,76,25,38,88,63,13,19,69,95
898,44,32,82,57,6,9,60,85,35,47
899,98,73,22,16,66,92,41,28,79,54
900,3,5,55,80,30,43,93,68,17,24
901,74,99,49,36,87,62,11,8,58,84
902,33,46,96,71,21,14,65,90,39,27
903,77,52,2,2,53,78,28,40,91,66
904,15,21,72,97,47,34,84,59,9,12
905,62,88,37,50,100,75,24,18,69,94
906,43,31,81,56,6,4,54,80,29,42
907,92,67,17,23,73,99,48,36,86,61
908,10,7,58,83,32,45,95,70,20,13
909,64,89,39,26,77,51,1,0,51,76
910,26,38,89,64,13,19,70,95,45,32
911,82,57,7,10,60,86,35,48,98,73
912,23,16,67,92,41,29,79,54,4,5
913,56,81,30,43,94,68,18,24,75,100
914,49,37,87,62,11,8,59,84,34,46
915,97,71,21,15,65,90,40,27,78,52
916,2,1,52,77,26,39,90,64,14,20
917,71,96,45,33,83,58,8,11,61,86
918,36,49,99,74,23,17,67,93,42,30
919,80,55,4,3,53,79,28,41,91,66
920,15,22,72,97,47,34,85,60,9,6
921,56,82,31,44,94,69,19,12,63,88
922,37,25,75,50,0,0,50,75,25,38
923,88,63,12,19,69,94,44,31,82,56
924,6,9,60,85,34,47,98,72,22,15
925,66,91,41,28,79,53,3,4,55,80
926,30,42,93,68,17,23,74,99,49,36
927,86,61,11,8,58,83,33,45,96,71
928,20,14,64,90,39,26,77,52,1,2
929,53,78,27,40,90,65,15,21,71,97
930,46,34,84,59,8,12,62,87,37,49
931,100,75,24,18,68,94,43,30,81,56
932,5,4,54,79,29,41,92,67,16,23
933,73,98,48,35,86,60,10,7,57,83
934,32,45,95,70,19,13,64,89,38,26
935,76,51,0,1,51,77,26,39,89,64
936,13,20,70,96,45,32,83,58,7,10
937,61,86,36,48,99,73,23,17,67,92
938,42,29,80,55,4,6,56,81,31,43
939,94,69,18,25,75,100,50,37,88,62
940,12,9,59,84,34,47,97,72,21,15
941,66,91,40,28,78,53,2,2,52,77
942,27,40,90,65,14,21,71,96,46,33
943,84,58,8,11,62,87,36,49,99,74
944,24,17,68,93,43,30,81,55,5,3
945,54,79,28,41,92,66,16,22,73,98
946,47,35,85,60,10,6,57,82,32,44
947,95,69,19,13,63,88,38,25,76,51
948,0,0,51,76,26,38,89,63,13,19
949,70,95,44,32,82,57,7,10,60,85
950,35,48,98,73,22,16,67,92,41,29
951,79,54,3,5,55,81,30,43,93,68
952,18,24,74,100,49,37,87,62,11,8
953,59,84,33,46,97,71,21,14,65,90
954,40,27,78,52,2,3,53,78,28,41
955,91,66,15,22,72,97,47,34,85,59
956,9,12,63,88,37,50,100,75,25,18
957,69,94,44,31,82,56,6,4,55,80
958,29,42,93,67,17,23,74,99,48,36
959,86,61,11,7,58,83,33,45,96,70
960,20,14,64,89,39,26,77,52,1,1
961,51,76,26,39,89,64,13,20,70,95
962,45,32,83,57,7,10,61,86,35,48
963,98,73,23,16,67,92,42,29,80,54
964,4,5,56,81,31,43,94,69,18,24
965,75,100,50,37,87,62,12,9,59,84
966,34,46,97,72,21,15,65,91,40,27
967,78,53,2,1,52,77,27,39,90,65
968,14,20,71,96,46,33,83,58,8,11
969,61,87,36,49,99,74,24,17,68,93
970,42,30,80,55,5,3,54,79,28,41
971,91,66,16,22,72,98,47,35,85,60
972,9,6,57,82,31,44,95,69,19,12
973,63,88,38,25,76,50,0,0,50,76
974,25,38,88,63,12,19,69,94,44,31
975,82,57,6,9,60,85,34,47,98,72
976,22,16,66,91,41,28,79,53,3,5
977,55,80,30,42,93,68,17,23,74,99
978,49,36,87,61,11,8,58,83,33,46
979,96,71,20,14,64,90,39,27,77,52
980,1,2,53,78,27,40,90,65,15,21
981,72,97,46,34,84,59,8,12,62,87
982,37,49,100,75,24,18,68,94,43,31
983,81,56,5,4,54,79,29,42,92,67
984,16,23,73,98,48,35,86,61,10,7
985,57,83,32,45,95,70,19,13,64,89
986,38,26,76,51,1,1,51,77,26,39
987,89,64,14,20,70,96,45,33,83,58
988,7,10,61,86,36,48,99,74,23,17
989,67,92,42,29,80,55,4,6,56,81
990,31,44,94,69,18,25,75,100,50,37
991,88,62,12,9,59,85,34,47,97,72
992,21,15,66,91,40,28,78,53,3,2
993,52,77,27,40,90,65,14,21,71,96
994,46,33,84,59,8,11,62,87,36,49
995,100,74,24,18,68,93,43,30,81,55
996,5,3,54,79,29,41,92,66,16,22
997,73,98,48,35,85,60,10,6,57,82
998,32,44,95,70,19,13,63,89,38,25
999,76,51,0,0,50,76,25,38,88,63
1000,13,19,69,95,44,32,82,57,6,9
1001,60,85,35,47,98,73,22,16,66,91
1002,41,28,79,54,3,5,55,80,30,43
1003,93,68,17,24,74,99,49,36,87,62
1004,11,8,58,84,33,46,96,71,20,14
1005,65,90,39,27,77,52,2,2,53,78
1006,28,40,91,65,15,21,72,97,47,34
1007,84,59,9,12,62,88,37,50,100,75
1008,24,18,69,94,43,31,81,56,5,4
1009,54,80,29,42,92,67,17,23,73,99
1010,48,35,86,61,10,7,58,83,32,45
1011,95,70,20,13,64,89,39,26,76,51
1012,1,0,51,76,26,38,89,63,13,19
1013,70,95,45,32,82,57,7,10,60,86
1014,35,48,98,73,22,16,67,92,41,29
1015,79,54,4,5,56,81,30,43,93,68
1016,18,24,75,100,49,37,87,62,11,8
1017,59,84,34,46,97,71,21,15,65,90
1018,40,27,78,52,2,1,52,77,26,39
1019,90,64,14,20,71,96,45,33,83,58
1020,7,11,61,86,36,48,99,74,23,17
1021,67,93,42,30,80,55,4,3,53,78
1022,28,41,91,66,15,22,72,97,47,34
1023,85,60,9,6,56,82,31,44,94,69
1024,19,12,63,88,37,25,75,50,0,0
1025,50,75,25,37,88,63,12,19,69,94
1026,44,31,82,56,6,9,60,85,34,47
1027,97,72,22,15,66,91,41,28,78,53
1028,3,4,55,80,30,42,93,67,17,23
1029,74,99,49,36,86,61,11,7,58,83
1030,33,45,96,71,20,14,64,90,39,26
1031,77,52,1,2,52,78,27,40,90,65
1032,15,21,71,97,46,34,84,59,8,11
1033,62,87,37,49,100,75,24,18,68,93
1034,43,30,81,56,5,4,54,79,29,41
1035,92,67,16,22,73,98,48,35,86,60
1036,10,7,57,82,32,45,95,70,19,13
1037,64,89,38,26,76,51,0,1,51,77
1038,26,39,89,64,13,20,70,95,45,32
1039,83,58,7,10,61,86,35,48,99,73
1040,23,17,67,92,42,29,80,54,4,6
1041,56,81,31,43,94,69,18,24,75,100
1042,50,37,88,62,12,9,59,84,34,47
1043,97,72,21,15,65,91,40,28,78,53
1044,2,2,52,77,27,39,90,65,14,21
1045,71,96,46,33,84,58,8,11,62,87
1046,36,49,99,74,24,17,68,93,43,30
1047,80,55,5,3,54,79,28,41,92,66
1048,16,22,73,98,47,35,85,60,9,6
1049,57,82,32,44,95,69,19,13,63,88
1050,38,25,76,50,0,0,51,76,25,38
1051,89,63,13,19,70,95,44,32,82,57
1052,7,10,60,85,35,48,98,73,22,16
1053,66,92,41,29,79,54,3,5,55,81
1054,30,43,93,68,18,24,74,100,49,36
1055,87,62,11,8,59,84,33,46,96,71
1056,21,14,65,90,40,27,78,52,2,3
1057,53,78,28,40,91,66,15,21,72,97
1058,47,34,85,59,9,12,63,88,37,50
1059,100,75,25,18,69,94,44,31,81,56
1060,6,4,55,80,29,42,92,67,17,23
1061,74,99,48,36,86,61,10,7,58,83
1062,33,45,96,70,20,14,64,89,39,26
1063,77,51,1,1,51,76,26,38,89,64
1064,13,20,70,95,45,32,83,57,7,10
1065,61,86,35,48,98,73,23,16,67,92
1066,42,29,79,54,4,5,56,81,31,43
1067,94,68,18,24,75,100,50,37,87,62
1068,12,8,59,84,34,46,97,72,21,15
1069,65,91,40,27,78,53,2,1,52,77
1070,27,39,90,64,14,20,71,96,46,33
1071,83,58,8,11,61,87,36,49,99,74
1072,23,17,68,93,42,30,80,55,5,3
1073,53,79,28,41,91,66,16,22,72,98
1074,47,35,85,60,9,6,57,82,31,44
1075,94,69,19,12,63,88,38,25,76,50
1076,0,0,50,76,25,38,88,63,13,19
1077,69,95,44,31,82,57,6,9,60,85
1078,35,47,98,72,22,16,66,91,41,28
1079,79,54,3,5,55,80,30,42,93,68
1080,17,24,74,99,49,36,87,61,11,8
1081,58,84,33,46,96,71,20,14,65,90
1082,39,27,77,52,1,2,53,78,28,40
1083,91,65,15,21,72,97,46,34,84,59
1084,9,12,62,87,37,50,100,75,24,18
1085,69,94,43,31,81,56,5,4,54,80
1086,29,42,92,67,16,23,73,99,48,35
1087,86,61,10,7,57,83,32,45,95,70
1088,20,13,64,89,39,26,76,51,1,1
1089,52,77,26,39,89,64,14,20,71,96
1090,45,33,83,58,7,11,61,86,36,48
1091,99,74,23,17,67,93,42,29,80,55
1092,4,6,56,82,31,44,94,69,18,25
1093,75,100,50,37,88,63,12,9,59,85
1094,34,47,97,72,22,15,66,91,41,28
1095,78,53,3,2,52,78,27,40,90,65
1096,14,21,71,97,46,33,84,59,8,11
1097,62,87,37,49,100,74,24,18,68,93
1098,43,30,81,56,5,3,54,79,29,41
1099,92,67,16,22,73,98,48,35,85,60
1100,10,7,57,82,32,44,95,70,19,13
1101,63,89,38,26,76,51,0,0,51,76
1102,25,38,88,63,13,19,70,95,44,32
1103,82,57,6,10,60,85,35,47,98,73
1104,22,16,66,92,41,28,79,54,3,5
1105,55,81,30,43,93,68,17,24,74,99
1106,49,36,87,62,11,8,58,84,33,46
1107,96,71,21,14,65,90,40,27,77,52
1108,2,2,53,78,28,40,91,66,15,21
1109,72,97,47,34,85,59,9,12,62,88
1110,37,50,100,75,25,18,69,94,43,31
1111,81,56,6,4,55,80,29,42,92,67
1112,17,23,73,99,48,36,86,61,10,7
1113,58,83,32,45,96,70,20,14,64,89
1114,39,26,77,51,1,0,51,76,26,38
1115,89,64,13,19,70,95,45,32,83,57
1116,7,10,60,86,35,48,98,73,23,16
1117,67,92,42,29,79,54,4,5,56,81
1118,30,43,94,68,18,24,75,100,49,37
1119,87,62,12,8,59,84,34,46,97,71
1120,21,15,65,90,40,27,78,53,2,1
1121,52,77,27,39,90,64,14,20,71,96
1122,45,33,83,58,8,11,61,86,36,49
1123,99,74,23,17,68,93,42,30,80,55
1124,4,3,53,79,28,41,91,66,15,22
1125,72,98,47,34,85,60,9,6,57,82
1126,31,44,94,69,19,12,63,88,38,25
1127,75,50,0,0,50,75,25,38,88,63
1128,12,19,69,94,44,31,82,56,6,9
1129,60,85,34,47,97,72,22,15,66,91
1130,41,28,79,53,3,4,55,80,30,42
1131,93,67,17,23,74,99,49,36,86,61
1132,11,8,58,83,33,45,96,71,20,14
1133,64,90,39,26,77,52,1,2,53,78
1134,27,40,90,65,15,21,71,97,46,34
1135,84,59,8,11,62,87,37,49,100,75
1136,24,18,68,94,43,30,81,56,5,4
1137,54,79,29,41,92,67,16,23,73,98
1138,48,35,86,60,10,7,57,82,32,45
1139,95,70,19,13,64,89,38,26,76,51
1140,0,1,51,77,26,39,89,64,13,20
1141,70,96,45,32,83,58,7,10,61,86
1142,36,48,99,73,23,17,67,92,42,29
1143,80,54,4,6,56,81,31,43,94,69
1144,18,25,75,100,50,37,88,62,12,9
1145,59,84,34,47,97,72,21,15,66,91
1146,40,28,78,53,2,2,52,77,27,39
1147,90,65,14,21,71,96,46,33,84,58
1148,8,11,62,87,36,49,99,74,24,17
1149,68,93,43,30,81,55,5,3,54,79
1150,28,41,92,66,16,22,73,98,47,35
1151,85,60,10,6,57,82,32,44,95,69
1152,19,13,63,88,38,25,76,51,0,0
1153,51,76,25,38,89,63,13,19,70,95
1154,44,32,82,57,7,10,60,85,35,48
1155,98,73,22,16,67,92,41,29,79,54
1156,3,5,55,81,30,43,93,68,18,24
1157,74,100,49,37,87,62,11,8,59,84
1158,33,46,96,71,21,14,65,90,40,27
1159,78,52,2,3,53,78,28,40,91,66
1160,15,22,72,97,47,34,85,59,9,12
1161,63,88,37,50,100,75,25,18,69,94
1162,44,31,82,56,6,4,55,80,29,42
1163,93,67,17,23,74,99,48,36,86,61
1164,10,7,58,83,33,45,96,70,20,14
1165,64,89,39,26,77,52,1,1,51,76
1166,26,39,89,64,13,20,70,95,45,32
1167,83,57,7,10,61,86,35,48,98,73
1168,23,16,67,92,42,29,80,54,4,5
1169,56,81,31,43,94,68,18,24,75,100
1170,50,37,87,62,12,9,59,84,34,46
1171,97,72,21,15,65,91,40,27,78,53
1172,2,1,52,77,27,39,90,65,14,20
1173,71,96,46,33,83,58,8,11,61,87
1174,36,49,99,74,24,17,68,93,42,30
1175,80,55,5,3,53,79,28,41,91,66
1176,16,22,72,98,47,35,85,60,9,6
1177,57,82,31,44,95,69,19,12,63,88
1178,38,25,76,50,0,0,50,75,25,38
1179,88,63,12,19,69,94,44,31,82,57
1180,6,9,60,85,34,47,98,72,22,16
1181,66,91,41,28,79,53,3,4,55,80
1182,30,42,93,68,17,23,74,99,49,36
1183,87,61,11,8,58,83,33,46,96,71
1184,20,14,64,90,39,27,77,52,1,2
1185,53,78,27,40,90,65,15,21,72,97
1186,46,34,84,59,8,12,62,87,37,49
1187,100,75,24,18,68,94,43,31,81,56
1188,5,4,54,79,29,42,92,67,16,23
1189,73,98,48,35,86,60,10,7,57,83
1190,32,45,95,70,19,13,64,89,38,26
1191,76,51,1,1,51,77,26,39,89,64
1192,14,20,70,96,45,32,83,58,7,10
1193,61,86,36,48,99,74,23,17,67,92
1194,42,29,80,55,4,6,56,81,31,44
1195,94,69,18,25,75,100,50,37,88,62
1196,12,9,59,85,34,47,97,72,21,15
1197,66,91,40,28,78,53,3,2,52,77
1198,27,40,90,65,14,21,71,96,46,33
1199,84,59,8,11,62,87,36,49,100,74
1200,24,18,68,93,43,30,81,55,5,3
1201,54,79,29,41,92,66,16,22,73,98
1202,47,35,85,60,10,6,57,82,32,44
1203,95,70,19,13,63,89,38,25,76,51
1204,0,0,50,76,25,38,88,63,13,19
1205,69,95,44,32,82,57,6,9,60,85
1206,35,47,98,73,22,16,66,91,41,28
1207,79,54,3,5,55,80,30,43,93,68
1208,17,24,74,99,49,36,87,61,11,8
1209,58,84,33,46,96,71,20,14,65,90
1210,39,27,77,52,2,2,53,78,28,40
1211,91,65,15,21,72,97,46,34,84,59
1212,9,12,62,88,37,50,100,75,24,18
1213,69,94,43,31,81,56,5,4,54,80
1214,29,42,92,67,17,23,73,99,48,35
1215,86,61,10,7,58,83,32,45,95,70
1216,20,13,64,89,39,26,76,51,1,0
1217,51,76,26,38,89,63,13,19,70,95
1218,45,32,82,57,7,10,60,86,35,48
1219,98,73,22,16,67,92,41,29,79,54
1220,3,5,56,81,30,43,93,68,18,24
1221,74,100,49,37,87,62,11,8,59,84
1222,33,46,97,71,21,15,65,90,40,27
1223,78,52,2,1,52,77,26,39,89,64
1224,14,20,71,96,45,33,83,58,7,11
1225,61,86,36,48,99,74,23,17,67,93
1226,42,30,80,55,4,3,53,78,28,41
1227,91,66,15,22,72,97,47,34,85,60
1228,9,6,56,82,31,44,94,69,18,12
1229,63,88,37,25,75,50,0,0,50,75
1230,25,37,88,63,12,18,69,94,44,31
1231,82,56,6,9,59,85,34,47,97,72
1232,22,15,66,91,41,28,78,53,3,4
1233,55,80,30,42,93,67,17,23,74,99
1234,48,36,86,61,11,7,58,83,33,45
1235,96,71,20,14,64,89,39,26,77,52
1236,1,2,52,78,27,40,90,65,15,21
1237,71,97,46,33,84,59,8,11,62,87
1238,37,49,100,74,24,18,68,93,43,30
1239,81,56,5,3,54,79,29,41,92,67
1240,16,22,73,98,48,35,86,60,10,7
1241,57,82,32,45,95,70,19,13,63,89
1242,38,26,76,51,0,1,51,76,26,39
1243,89,64,13,20,70,95,45,32,83,58
1244,7,10,61,86,35,48,99,73,23,17
1245,67,92,42,29,80,54,4,5,56,81
1246,31,43,94,69,18,24,75,100,50,37
1247,88,62,12,9,59,84,34,46,97,72
1248,21,15,65,91,40,28,78,53,2,2
1249,52,77,27,39,90,65,14,20,71,96
1250,46,33,84,58,8,11,61,87,36,49
1251,99,74,24,17,68,93,43,30,80,55
1252,5,3,54,79,28,41,91,66,16,22
1253,73,98,47,35,85,60,9,6,57,82
1254,31,44,95,69,19,13,63,88,38,25
1255,76,50,0,0,51,76,25,38,88,63
1256,13,19,70,95,44,32,82,57,6,10
1257,60,85,35,47,98,73,22,16,66,92
1258,41,29,79,54,3,5,55,81,30,43
1259,93,68,17,24,74,100,49,36,87,62
1260,11,8,59,84,33,46,96,71,21,14
1261,65,90,40,27,77,52,2,2,53,78
1262,28,40,91,66,15,21,72,97,47,34
1263,85,59,9,12,62,88,37,50,100,75
1264,25,18,69,94,44,31,81,56,6,4
1265,55,80,29,42,92,67,17,23,74,99
1266,48,36,86,61,10,7,58,83,32,45
1267,96,70,20,14,64,89,39,26,77,51
1268,1,1,51,76,26,38,89,64,13,19
1269,70,95,45,32,83,57,7,10,60,86
1270,35,48,98,73,23,16,67,92,42,29
1271,79,54,4,5,56,81,31,43,94,68
1272,18,24,75,100,49,37,87,62,12,8
1273,59,84,34,46,97,72,21,15,65,90
1274,40,27,78,53,2,1,52,77,27,39
1275,90,64,14,20,71,96,45,33,83,58
1276,8,11,61,87,36,49,99,74,23,17
1277,68,93,42,30,80,55,4,3,53,79
1278,28,41,91,66,16,22,72,98,47,34
1279,85,60,9,6,57,82,31,44,94,69
1280,19,12,63,88,38,25,75,50,0,0
1281,50,76,25,38,88,63,12,19,69,95
1282,44,31,82,57,6,9,60,85,35,47
1283,98,72,22,16,66,91,41,28,79,53
1284,3,5,55,80,30,42,93,68,17,24
1285,74,99,49,36,87,61,11,8,58,83
1286,33,46,96,71,20,14,65,90,39,27
1287,77,52,1,2,53,78,27,40,91,65
1288,15,21,72,97,46,34,84,59,9,12
1289,62,87,37,50,100,75,24,18,68,94
1290,43,31,81,56,5,4,54,80,29,42
1291,92,67,16,23,73,98,48,35,86,61
1292,10,7,57,83,32,45,95,70,20,13
1293,64,89,38,26,76,51,1,1,52,77
1294,26,39,89,64,14,20,70,96,45,33
1295,83,58,7,10,61,86,36,48,99,74
1296,23,17,67,93,42,29,80,55,4,6
1297,56,81,31,44,94,69,18,25,75,100
1298,50,37,88,63,12,9,59,85,34,47
1299,97,72,22,15,66,91,40,28,78,53
1300,3,2,52,78,27,40,90,65,14,21
1301,71,96,46,33,84,59,8,11,62,87
1302,37,49,100,74,24,18,68,93,43,30
1303,81,55,5,3,54,79,29,41,92,66
1304,16,22,73,98,48,35,85,60,10,7
1305,57,82,32,44,95,70,19,13,63,89
1306,38,25,76,51,0,0,51,76,25,38
1307,88,63,13,19,69,95,44,32,82,57
1308,6,10,60,85,35,47,98,73,22,16
1309,66,92,41,28,79,54,3,5,55,81
1310,30,43,93,68,17,24,74,99,49,36
1311,87,62,11,8,58,84,33,46,96,71
1312,21,14,65,90,39,27,77,52,2,2
1313,53,78,28,40,91,66,15,21,72,97
1314,47,34,84,59,9,12,62,88,37,50
1315,100,75,24,18,69,94,43,31,81,56
1316,6,4,54,80,29,42,92,67,17,23
1317,73,99,48,36,86,61,10,7,58,83
1318,32,45,95,70,20,13,64,89,39,26
1319,77,51,1,0,51,76,26,38,89,64
1320,13,19,70,95,45,32,82,57,7,10
1321,60,86,35,48,98,73,23,16,67,92
1322,41,29,79,54,4,5,56,81,30,43
1323,94,68,18,24,75,100,49,37,87,62
1324,11,8,59,84,34,46,97,71,21,15
1325,65,90,40,27,78,52,2,1,52,77
1326,26,39,90,64,14,20,71,96,45,33
1327,83,58,8,11,61,86,36,49,99,74
1328,23,17,67,93,42,30,80,55,4,3
1329,53,79,28,41,91,66,15,22,72,97
1330,47,34,85,60,9,6,56,82,31,44
1331,94,69,19,12,63,88,38,25,75,50
1332,0,0,50,75,25,38,88,63,12,19
1333,69,94,44,31,82,56,6,9,60,85
1334,34,47,98,72,22,15,66,91,41,28
1335,79,53,3,4,55,80,30,42,93,68
1336,17,23,74,99,49,36,86,61,11,8
1337,58,83,33,45,96,71,20,14,64,90
1338,39,27,77,52,1,2,53,78,27,40
1339,90,65,15,21,71,97,46,34,84,59
1340,8,12,62,87,37,49,100,75,24,18
1341,68,94,43,30,81,56,5,4,54,79
1342,29,42,92,67,16,23,73,98,48,35
1343,86,60,10,7,57,83,32,45,95,70
1344,19,13,64,89,38,26,76,51,0,1
1345,51,77,26,39,89,64,13,20,70,96
1346,45,32,83,58,7,10,61,86,36,48
1347,99,73,23,17,67,92,42,29,80,55
1348,4,6,56,81,31,43,94,69,18,25
1349,75,100,50,37,88,62,12,9,59,84
1350,34,47,97,72,21,15,66,91,40,28
1351,78,53,2,2,52,77,27,40,90,65
1352,14,21,71,96,46,33,84,58,8,11
1353,62,87,36,49,99,74,24,17,68,93
1354,43,30,81,55,5,3,54,79,28,41
1355,92,66,16,22,73,98,47,35,85,60
1356,10,6,57,82,32,44,95,70,19,13
1357,63,88,38,25,76,51,0,0,51,76
1358,26,38,89,63,13,19,70,95,44,32
1359,82,57,7,10,60,85,35,48,98,73
1360,22,16,67,92,41,29,79,54,3,5
1361,56,81,30,43,93,68,18,24,74,100
1362,49,37,87,62,11,8,59,84,33,46
1363,97,71,21,14,65,90,40,27,78,52
1364,2,3,53,78,28,41,91,66,15,22
1365,72,97,47,34,85,59,9,12,63,88
1366,37,50,100,75,25,18,69,94,44,31
1367,82,56,6,4,55,80,29,42,93,67
1368,17,23,74,99,48,36,86,61,11,7
1369,58,83,33,45,96,70,20,14,64,89
1370,39,26,77,52,1,1,51,76,26,39
1371,89,64,13,20,70,95,45,32,83,57
1372,7,10,61,86,35,48,98,73,23,16
1373,67,92,42,29,80,54,4,5,56,81
1374,31,43,94,69,18,24,75,100,50,37
1375,87,62,12,9,59,84,34,46,97,72
1376,21,15,65,91,40,27,78,53,2,1
1377,52,77,27,39,90,65,14,20,71,96
1378,46,33,84,58,8,11,61,87,36,49
1379,99,74,24,17,68,93,42,30,80,55
1380,5,3,54,79,28,41,91,66,16,22
1381,72,98,47,35,85,60,9,6,57,82
1382,31,44,95,69,19,13,63,88,38,25
1383,76,50,0,0,50,76,25,38,88,63
1384,12,19,69,94,44,31,82,57,6,9
1385,60,85,34,47,98,72,22,16,66,91
1386,41,28,79,53,3,5,55,80,30,42
1387,93,68,17,23,74,99,49,36,87,61
1388,11,8,58,83,33,46,96,71,20,14
1389,64,90,39,27,77,52,1,2,53,78
1390,27,40,91,65,15,21,72,97,46,34
1391,84,59,8,12,62,87,37,49,100,75
1392,24,18,68,94,43,31,81,56,5,4
1393,54,79,29,42,92,67,16,23,73,98
1394,48,35,86,61,10,7,57,83,32,45
1395,95,70,20,13,64,89,38,26,76,51
1396,1,1,51,77,26,39,89,64,14,20
1397,70,96,45,33,83,58,7,10,61,86
1398,36,48,99,74,23,17,67,92,42,29
1399,80,55,4,6,56,81,31,44,94,69
1400,18,25,75,100,50,37,88,63,12,9
1401,59,85,34,47,97,72,21,15,66,91
1402,40,28,78,53,3,2,52,77,27,40
1403,90,65,14,21,71,96,46,33,84,59
1404,8,11,62,87,36,49,100,74,24,18
1405,68,93,43,30,81,55,5,3,54,79
1406,29,41,92,66,16,22,73,98,48,35
1407,85,60,10,6,57,82,32,44,95,70
1408,19,13,63,89,38,25,76,51,0,0
1409,50,76,25,38,88,63,13,19,69,95
1410,44,32,82,57,6,9,60,85,35,47
1411,98,73,22,16,66,91,41,28,79,54
1412,3,5,55,80,30,43,93,68,17,24
1413,74,99,49,36,87,62,11,8,58,84
1414,33,46,96,71,20,14,65,90,39,27
1415,77,52,2,2,53,78,28,40,91,65
1416,15,21,72,97,47,34,84,59,9,12
1417,62,88,37,50,100,75,24,18,69,94
1418,43,31,81,56,6,4,54,80,29,42
1419,92,67,17,23,73,99,48,35,86,61
1420,10,7,58,83,32,45,95,70,20,13
1421,64,89,39,26,77,51,1,0,51,76
1422,26,38,89,63,13,19,70,95,45,32
1423,82,57,7,10,60,86,35,48,98,73
1424,22,16,67,92,41,29,79,54,4,5
1425,56,81,30,43,93,68,18,24,75,100
1426,49,37,87,62,11,8,59,84,34,46
1427,97,71,21,15,65,90,40,27,78,52
1428,2,1,52,77,26,39,90,64,14,20
1429,71,96,45,33,83,58,7,11,61,86
1430,36,49,99,74,23,17,67,93,42,30
1431,80,55,4,3,53,78,28,41,91,66
1432,15,22,72,97,47,34,85,60,9,6
1433,56,82,31,44,94,69,19,12,63,88
1434,37,25,75,50,0,0,50,75,25,37
1435,88,63,12,18,69,94,44,31,82,56
1436,6,9,60,85,34,47,97,72,22,15
1437,66,91,41,28,78,53,3,4,55,80
1438,30,42,93,67,17,23,74,99,48,36
1439,86,61,11,7,58,83,33,45,96,71
1440,20,14,64,90,39,26,77,52,1,2
1441,52,78,27,40,90,65,15,21,71,97
1442,46,33,84,59,8,11,62,87,37,49
1443,100,75,24,18,68,93,43,30,81,56
1444,5,4,54,79,29,41,92,67,16,22
1445,73,98,48,35,86,60,10,7,57,82
1446,32,45,95,70,19,13,63,89,38,26
1447,76,51,0,1,51,76,26,39,89,64
1448,13,20,70,95,45,32,83,58,7,10
1449,61,86,35,48,99,73,23,17,67,92
1450,42,29,80,54,4,5,56,81,31,43
1451,94,69,18,24,75,100,50,37,88,62
1452,12,9,59,84,34,47,97,72,21,15
1453,65,91,40,28,78,53,2,2,52,77
1454,27,39,90,65,14,20,71,96,46,33
1455,84,58,8,11,61,87,36,49,99,74
1456,24,17,68,93,43,30,80,55,5,3
1457,54,79,28,41,91,66,16,22,73,98
1458,47,35,85,60,9,6,57,82,32,44
1459,95,69,19,13,63,88,38,25,76,50
1460,0,0,51,76,25,38,89,63,13,19
1461,70,95,44,32,82,57,6,10,60,85
1462,35,47,98,73,22,16,66,92,41,29
1463,79,54,3,5,55,81,30,43,93,68
1464,18,24,74,100,49,36,87,62,11,8
1465,59,84,33,46,96,71,21,14,65,90
1466,40,27,77,52,2,3,53,78,28,40
1467,91,66,15,21,72,97,47,34,85,59
1468,9,12,62,88,37,50,100,75,25,18
1469,69,94,44,31,81,56,6,4,55,80
1470,29,42,92,67,17,23,74,99,48,36
1471,86,61,10,7,58,83,33,45,96,70
1472,20,14,64,89,39,26,77,51,1,1
1473,51,76,26,38,89,64,13,19,70,95
1474,45,32,83,57,7,10,61,86,35,48
1475,98,73,23,16,67,92,42,29,79,54
1476,4,5,56,81,31,43,94,68,18,24
1477,75,100,49,37,87,62,12,8,59,84
1478,34,46,97,72,21,15,65,90,40,27
1479,78,53,2,1,52,77,27,39,90,64
1480,14,20,71,96,46,33,83,58,8,11
1481,61,87,36,49,99,74,23,17,68,93
1482,42,30,80,55,4,3,53,79,28,41
1483,91,66,16,22,72,98,47,34,85,60
1484,9,6,57,82,31,44,94,69,19,12
1485,63,88,38,25,75,50,0,0,50,76
1486,25,38,88,63,12,19,69,95,44,31
1487,82,57,6,9,60,85,35,47,98,72
1488,22,16,66,91,41,28,79,54,3,5
1489,55,80,30,42,93,68,17,24,74,99
1490,49,36,87,61,11,8,58,83,33,46
1491,96,71,20,14,65,90,39,27,77,52
1492,1,2,53,78,27,40,91,65,15,21
1493,72,97,46,34,84,59,9,12,62,87
1494,37,50,100,75,24,18,68,94,43,31
1495,81,56,5,4,54,80,29,42,92,67
1496,16,23,73,98,48,35,86,61,10,7
1497,57,83,32,45,95,70,20,13,64,89
1498,39,26,76,51,1,1,52,77,26,39
1499,89,64,14,20,70,96,45,33,83,58
1500,7,11,61,86,36,48,99,74,23,17
1501,67,93,42,29,80,55,4,6,56,82
1502,31,44,94,69,18,25,75,100,50,37
1503,88,63,12,9,59,85,34,47,97,72
1504,22,15,66,91,40,28,78,53,3,2
1505,52,78,27,40,90,65,14,21,71,97
1506,46,33,84,59,8,11,62,87,37,49
1507,100,74,24,18,68,93,43,30,81,55
1508,5,3,54,79,29,41,92,67,16,22
1509,73,98,48,35,85,60,10,7,57,82
1510,32,44,95,70,19,13,63,89,38,26
1511,76,51,0,0,51,76,25,38,88,63
1512,13,19,69,95,44,32,82,57,6,10
1513,60,85,35,47,98,73,22,16,66,92
1514,41,28,79,54,3,5,55,81,30,43
1515,93,68,17,24,74,99,49,36,87,62
1516,11,8,58,84,33,46,96,71,21,14
1517,65,90,40,27,77,52,2,2,53,78
1518,28,40,91,66,15,21,72,97,47,34
1519,84,59,9,12,62,88,37,50,100,75
1520,25,18,69,94,43,31,81,56,6,4
1521,54,80,29,42,92,67,17,23,73,99
1522,48,36,86,61,10,7,58,83,32,45
1523,96,70,20,13,64,89,39,26,77,51
1524,1,0,51,76,26,38,89,64,13,19
1525,70,95,45,32,82,57,7,10,60,86
1526,35,48,98,73,23,16,67,92,41,29
1527,79,54,4,5,56,81,30,43,94,68
1528,18,24,75,100,49,37,87,62,11,8
1529,59,84,34,46,97,71,21,15,65,90
1530,40,27,78,53,2,1,52,77,26,39
1531,90,64,14,20,71,96,45,33,83,58
1532,8,11,61,86,36,49,99,74,23,17
1533,68,93,42,30,80,55,4,3,53,79
1534,28,41,91,66,15,22,72,97,47,34
1535,85,60,9,6,56,82,31,44,94,69
1536,19,12,63,88,38,25,75,50,0,0
1537,50,75,25,37,88,63,12,19,69,94
1538,44,31,82,56,6,9,60,85,34,47
1539,97,72,22,15,66,91,41,28,79,53
1540,3,4,55,80,30,42,93,67,17,23
1541,74,99,49,36,86,61,11,8,58,83
1542,33,45,96,71,20,14,64,90,39,26
1543,77,52,1,2,52,78,27,40,90,65
1544,15,21,71,97,46,34,84,59,8,11
1545,62,87,37,49,100,75,24,18,68,93
1546,43,30,81,56,5,4,54,79,29,41
1547,92,67,16,22,73,98,48,35,86,60
1548,10,7,57,82,32,45,95,70,19,13
1549,64,89,38,26,76,51,0,1,51,77
1550,26,39,89,64,13,20,70,95,45,32
1551,83,58,7,10,61,86,36,48,99,73
1552,23,17,67,92,42,29,80,54,4,6
1553,56,81,31,43,94,69,18,24,75,100
1554,50,37,88,62,12,9,59,84,34,47
1555,97,72,21,15,65,91,40,28,78,53
1556,2,2,52,77,27,39,90,65,14,21
1557,71,96,46,33,84,58,8,11,62,87
1558,36,49,99,74,24,17,68,93,43,30
1559,80,55,5,3,54,79,28,41,92,66
1560,16,22,73,98,47,35,85,60,9,6
1561,57,82,32,44,95,69,19,13,63,88
1562,38,25,76,50,0,0,51,76,25,38
1563,89,63,13,19,70,95,44,32,82,57
1564,7,10,60,85,35,48,98,73,22,16
1565,66,92,41,29,79,54,3,5,55,81
1566,30,43,93,68,18,24,74,100,49,36
1567,87,62,11,8,59,84,33,46,96,71
1568,21,14,65,90,40,27,78,52,2,3
1569,53,78,28,40,91,66,15,22,72,97
1570,47,34,85,59,9,12,63,88,37,50
1571,100,75,25,18,69,94,44,31,81,56
1572,6,4,55,80,29,42,93,67,17,23
1573,74,99,48,36,86,61,10,7,58,83
1574,33,45,96,70,20,14,64,89,39,26
1575,77,51,1,1,51,76,26,38,89,64
1576,13,20,70,95,45,32,83,57,7,10
1577,61,86,35,48,98,73,23,16,67,92
1578,42,29,79,54,4,5,56,81,31,43
1579,94,68,18,24,75,100,50,37,87,62
1580,12,8,59,84,34,46,97,72,21,15
1581,65,91,40,27,78,53,2,1,52,77
1582,27,39,90,65,14,20,71,96,46,33
1583,83,58,8,11,61,87,36,49,99,74
1584,23,17,68,93,42,30,80,55,5,3
1585,53,79,28,41,91,66,16,22,72,98
1586,47,35,85,60,9,6,57,82,31,44
1587,94,69,19,12,63,88,38,25,76,50
1588,0,0,50,75,25,38,88,63,12,19
1589,69,94,44,31,82,57,6,9,60,85
1590,34,47,98,72,22,15,66,91,41,28
1591,79,53,3,4,55,80,30,42,93,68
1592,17,23,74,99,49,36,86,61,11,8
1593,58,83,33,45,96,71,20,14,64,90
1594,39,27,77,52,1,2,53,78,27,40
1595,90,65,15,21,72,97,46,34,84,59
1596,8,12,62,87,37,49,100,75,24,18
1597,68,94,43,30,81,56,5,4,54,79
1598,29,42,92,67,16,23,73,98,48,35
1599,86,60,10,7,57,83,32,45,95,70
1600,19,13,64,89,38,26,76,51,1,1
1601,51,77,26,39,89,64,14,20,70,96
1602,45,32,83,58,7,10,61,86,36,48
1603,99,73,23,17,67,92,42,29,80,55
1604,4,6,56,81,31,43,94,69,18,25
1605,75,100,50,37,88,62,12,9,59,85
1606,34,47,97,72,21,15,66,91,40,28
1607,78,53,2,2,52,77,27,40,90,65
1608,14,21,71,96,46,33,84,58,8,11
1609,62,87,36,49,100,74,24,17,68,93
1610,43,30,81,55,5,3,54,79,29,41
1611,92,66,16,22,73,98,47,35,85,60
1612,10,6,57,82,32,44,95,70,19,13
1613,63,88,38,25,76,51,0,0,50,76
1614,25,38,88,63,13,19,69,95,44,31
1615,82,57,6,9,60,85,35,47,98,72
1616,22,16,66,91,41,28,79,54,3,5
1617,55,80,30,43,93,68,17,24,74,99
1618,49,36,87,61,11,8,58,84,33,46
1619,96,71,20,14,65,90,39,27,77,52
1620,1,2,53,78,28,40,91,65,15,21
1621,72,97,46,34,84,59,9,12,62,87
1622,37,50,100,75,24,18,69,94,43,31
1623,81,56,5,4,54,80,29,42,92,67
1624,16,23,73,99,48,35,86,61,10,7
1625,58,83,32,45,95,70,20,13,64,89
1626,39,26,76,51,1,0,51,76,26,38
1627,89,63,13,19,70,95,44,32,82,57
1628,7,10,60,86,35,48,98,73,22,16
1629,67,92,41,29,79,54,3,5,56,81
1630,30,43,93,68,18,24,74,100,49,37
1631,87,62,11,8,59,84,33,46,97,71
1632,21,15,65,90,40,27,78,52,2,1
1633,52,77,26,39,89,64,14,20,71,96
1634,45,33,83,58,7,11,61,86,36,48
1635,99,74,23,17,67,93,42,29,80,55
1636,4,3,53,78,28,41,91,66,15,22
1637,72,97,47,34,85,59,9,6,56,82
1638,31,44,94,69,18,12,63,88,37,25
1639,75,50,0,0,50,75,25,37,88,63
1640,12,18,69,94,44,31,82,56,6,9
1641,59,85,34,47,97,72,22,15,66,91
1642,41,28,78,53,3,4,55,80,29,42
1643,93,67,17,23,74,99,48,36,86,61
1644,11,7,58,83,33,45,96,71,20,14
1645,64,89,39,26,77,52,1,2,52,78
1646,27,40,90,65,15,21,71,97,46,33
1647,84,59,8,11,62,87,37,49,100,74
1648,24,18,68,93,43,30,81,56,5,3
1649,54,79,29,41,92,67,16,22,73,98
1650,48,35,86,60,10,7,57,82,32,44
1651,95,70,19,13,63,89,38,26,76,51
1652,0,1,51,76,26,39,89,64,13,20
1653,70,95,45,32,83,58,7,10,61,86
1654,35,48,99,73,23,16,67,92,42,29
1655,80,54,4,5,56,81,31,43,94,69
1656,18,24,75,100,50,37,87,62,12,9
1657,59,84,34,46,97,72,21,15,65,91
1658,40,28,78,53,2,1,52,77,27,39
1659,90,65,14,20,71,96,46,33,84,58
1660,8,11,61,87,36,49,99,74,24,17
1661,68,93,43,30,80,55,5,3,54,79
1662,28,41,91,66,16,22,72,98,47,35
1663,85,60,9,6,57,82,31,44,95,69
1664,19,13,63,88,38,25,76,50,0,0
1665,51,76,25,38,88,63,13,19,70,95
1666,44,32,82,57,6,10,60,85,35,47
1667,98,73,22,16,66,92,41,29,79,54
1668,3,5,55,81,30,43,93,68,17,24
1669,74,100,49,36,87,62,11,8,58,84
1670,33,46,96,71,21,14,65,90,40,27
1671,77,52,2,2,53,78,28,40,91,66
1672,15,21,72,97,47,34,85,59,9,12
1673,62,88,37,50,100,75,25,18,69,94
1674,44,31,81,56,6,4,55,80,29,42
1675,92,67,17,23,73,99,48,36,86,61
1676,10,7,58,83,32,45,96,70,20,14
1677,64,89,39,26,77,51,1,1,51,76
1678,26,38,89,64,13,19,70,95,45,32
1679,83,57,7,10,60,86,35,48,98,73
1680,23,16,67,92,42,29,79,54,4,5
1681,56,81,30,43,94,68,18,24,75,100
1682,49,37,87,62,12,8,59,84,34,46
1683,97,72,21,15,65,90,40,27,78,53
1684,2,1,52,77,27,39,90,64,14,20
1685,71,96,45,33,83,58,8,11,61,86
1686,36,49,99,74,23,17,68,93,42,30
1687,80,55,4,3,53,79,28,41,91,66
1688,15,22,72,98,47,34,85,60,9,6
1689,57,82,31,44,94,69,19,12,63,88
1690,38,25,75,50,0,0,50,76,25,38
1691,88,63,12,19,69,94,44,31,82,57
1692,6,9,60,85,35,47,98,72,22,16
1693,66,91,41,28,79,53,3,5,55,80
1694,30,42,93,68,17,23,74,99,49,36
1695,87,61,11,8,58,83,33,46,96,71
1696,20,14,65,90,39,27,77,52,1,2
1697,53,78,27,40,91,65,15,21,72,97
1698,46,34,84,59,8,12,62,87,37,50
1699,100,75,24,18,68,94,43,31,81,56
1700,5,4,54,79,29,42,92,67,16,23
1701,73,98,48,35,86,61,10,7,57,83
1702,32,45,95,70,20,13,64,89,38,26
1703,76,51,1,1,51,77,26,39,89,64
1704,14,20,70,96,45,33,83,58,7,10
1705,61,86,36,48,99,74,23,17,67,93
1706,42,29,80,55,4,6,56,81,31,44
1707,94,69,18,25,75,100,50,37,88,63
1708,12,9,59,85,34,47,97,72,22,15
1709,66,91,40,28,78,53,3,2,52,78
1710,27,40,90,65,14,21,71,96,46,33
1711,84,59,8,11,62,87,36,49,100,74
1712,24,18,68,93,43,30,81,55,5,3
1713,54,79,29,41,92,66,16,22,73,98
1714,48,35,85,60,10,7,57,82,32,44
1715,95,70,19,13,63,89,38,25,76,51
1716,0,0,51,76,25,38,88,63,13,19
1717,69,95,44,32,82,57,6,9,60,85
1718,35,47,98,73,22,16,66,92,41,28
1719,79,54,3,5,55,80,30,43,93,68
1720,17,24,74,99,49,36,87,62,11,8
1721,58,84,33,46,96,71,21,14,65,90
1722,39,27,77,52,2,2,53,78,28,40
1723,91,65,15,21,72,97,47,34,84,59
1724,9,12,62,88,37,50,100,75,24,18
1725,69,94,43,31,81,56,6,4,54,80
1726,29,42,92,67,17,23,73,99,48,36
1727,86,61,10,7,58,83,32,45,95,70
1728,20,13,64,89,39,26,77,51,1,0
1729,51,76,26,38,89,64,13,19,70,95
1730,45,32,82,57,7,10,60,86,35,48
1731,98,73,22,16,67,92,41,29,79,54
1732,4,5,56,81,30,43,93,68,18,24
1733,75,100,49,37,87,62,11,8,59,84
1734,34,46,97,71,21,15,65,90,40,27
1735,78,52,2,1,52,77,26,39,90,64
1736,14,20,71,96,45,33,83,58,8,11
1737,61,86,36,49,99,74,23,17,67,93
1738,42,30,80,55,4,3,53,79,28,41
1739,91,66,15,22,72,97,47,34,85,60
1740,9,6,56,82,31,44,94,69,19,12
1741,63,88,37,25,75,50,0,0,50,75
1742,25,38,88,63,12,19,69,94,44,31
1743,82,56,6,9,60,85,34,47,97,72
1744,22,15,66,91,41,28,79,53,3,4
1745,55,80,30,42,93,68,17,23,74,99
1746,49,36,86,61,11,8,58,83,33,45
1747,96,71,20,14,64,90,39,26,77,52
1748,1,2,53,78,27,40,90,65,15,21
1749,71,97,46,34,84,59,8,12,62,87
1750,37,49,100,75,24,18,68,94,43,30
1751,81,56,5,4,54,79,29,41,92,67
1752,16,23,73,98,48,35,86,60,10,7
1753,57,83,32,45,95,70,19,13,64,89
1754,38,26,76,51,0,1,51,77,26,39
1755,89,64,13,20,70,96,45,32,83,58
1756,7,10,61,86,36,48,99,73,23,17
1757,67,92,42,29,80,54,4,6,56,81
1758,31,43,94,69,18,25,75,100,50,37
1759,88,62,12,9,59,84,34,47,97,72
1760,21,15,66,91,40,28,78,53,2,2
1761,52,77,27,40,90,65,14,21,71,96
1762,46,33,84,58,8,11,62,87,36,49
1763,99,74,24,17,68,93,43,30,81,55
1764,5,3,54,79,28,41,92,66,16,22
1765,73,98,47,35,85,60,10,6,57,82
1766,32,44,95,69,19,13,63,88,38,25
1767,76,51,0,0,51,76,26,38,89,63
1768,13,19,70,95,44,32,82,57,7,10
1769,60,85,35,48,98,73,22,16,67,92
1770,41,29,79,54,3,5,55,81,30,43
1771,93,68,18,24,74,100,49,37,87,62
1772,11,8,59,84,33,46,97,71,21,14
1773,65,90,40,27,78,52,2,3,53,78
1774,28,40,91,66,15,22,72,97,47,34
1775,85,59,9,12,63,88,37,50,100,75
1776,25,18,69,94,44,31,82,56,6,4
1777,55,80,29,42,93,67,17,23,74,99
1778,48,36,86,61,11,7,58,83,33,45
1779,96,70,20,14,64,89,39,26,77,52
1780,1,1,51,76,26,39,89,64,13,20
1781,70,95,45,32,83,57,7,10,61,86
1782,35,48,98,73,23,16,67,92,42,29
1783,80,54,4,5,56,81,31,43,94,68
1784,18,24,75,100,50,37,87,62,12,9
1785,59,84,34,46,97,72,21,15,65,91
1786,40,27,78,53,2,1,52,77,27,39
1787,90,65,14,20,71,96,46,33,83,58
1788,8,11,61,87,36,49,99,74,24,17
1789,68,93,42,30,80,55,5,3,54,79
1790,28,41,91,66,16,22,72,98,47,35
1791,85,60,9,6,57,82,31,44,95,69
1792,19,12,63,88,38,25,76,50,0,0
1793,50,76,25,38,88,63,12,19,69,94
1794,44,31,82,57,6,9,60,85,34,47
1795,98,72,22,16,66,91,41,28,79,53
1796,3,4,55,80,30,42,93,68,17,23
1797,74,99,49,36,87,61,11,8,58,83
1798,33,46,96,71,20,14,64,90,39,27
1799,77,52,1,2,53,78,27,40,90,65
1800,15,21,72,97,46,34,84,59,8,12
1801,62,87,37,49,100,75,24,18,68,94
1802,43,31,81,56,5,4,54,79,29,42
1803,92,67,16,23,73,98,48,35,86,61
1804,10,7,57,83,32,45,95,70,19,13
1805,64,89,38,26,76,51,1,1,51,77
1806,26,39,89,64,14,20,70,96,45,33
1807,83,58,7,10,61,86,36,48,99,74
1808,23,17,67,92,42,29,80,55,4,6
1809,56,81,31,44,94,69,18,25,75,100
1810,50,37,88,62,12,9,59,85,34,47
1811,97,72,21,15,66,91,40,28,78,53
1812,3,2,52,77,27,40,90,65,14,21
1813,71,96,46,33,84,59,8,11,62,87
1814,36,49,100,74,24,18,68,93,43,30
1815,81,55,5,3,54,79,29,41,92,66
1816,16,22,73,98,47,35,85,60,10,6
1817,57,82,32,44,95,70,19,13,63,89
1818,38,25,76,51,0,0,50,76,25,38
1819,88,63,13,19,69,95,44,32,82,57
1820,6,9,60,85,35,47,98,73,22,16
1821,66,91,41,28,79,54,3,5,55,80
1822,30,43,93,68,17,24,74,99,49,36
1823,87,61,11,8,58,84,33,46,96,71
1824,20,14,65,90,39,27,77,52,2,2
1825,53,78,28,40,91,65,15,21,72,97
1826,47,34,84,59,9,12,62,88,37,50
1827,100,75,24,18,69,94,43,31,81,56
1828,5,4,54,80,29,42,92,67,17,23
1829,73,99,48,35,86,61,10,7,58,83
1830,32,45,95,70,20,13,64,89,39,26
1831,76,51,1,0,51,76,26,38,89,63
1832,13,19,70,95,45,32,82,57,7,10
1833,60,86,35,48,98,73,22,16,67,92
1834,41,29,79,54,4,5,56,81,30,43
1835,93,68,18,24,75,100,49,37,87,62
1836,11,8,59,84,33,46,97,71,21,15
1837,65,90,40,27,78,52,2,1,52,77
1838,26,39,90,64,14,20,71,96,45,33
1839,83,58,7,11,61,86,36,48,99,74
1840,23,17,67,93,42,30,80,55,4,3
1841,53,78,28,41,91,66,15,22,72,97
1842,47,34,85,60,9,6,56,82,31,44
1843,94,69,19,12,63,88,37,25,75,50
1844,0,0,50,75,25,37,88,63,12,19
1845,69,94,44,31,82,56,6,9,60,85
1846,34,47,97,72,22,15,66,91,41,28
1847,78,53,3,4,55,80,30,42,93,67
1848,17,23,74,99,49,36,86,61,11,7
1849,58,83,33,45,96,71,20,14,64,90
1850,39,26,77,52,1,2,52,78,27,40
1851,90,65,15,21,71,97,46,34,84,59
1852,8,11,62,87,37,49,100,75,24,18
1853,68,93,43,30,81,56,5,4,54,79
1854,29,41,92,67,16,22,73,98,48,35
1855,86,60,10,7,57,82,32,45,95,70
1856,19,13,63,89,38,26,76,51,0,1
1857,51,77,26,39,89,64,13,20,70,95
1858,45,32,83,58,7,10,61,86,35,48
1859,99,73,23,17,67,92,42,29,80,54
1860,4,6,56,81,31,43,94,69,18,24
1861,75,100,50,37,88,62,12,9,59,84
1862,34,47,97,72,21,15,65,91,40,28
1863,78,53,2,2,52,77,27,39,90,65
1864,14,20,71,96,46,33,84,58,8,11
1865,62,87,36,49,99,74,24,17,68,93
1866,43,30,80,55,5,3,54,79,28,41
1867,92,66,16,22,73,98,47,35,85,60
1868,9,6,57,82,32,44,95,69,19,13
1869,63,88,38,25,76,50,0,0,51,76
1870,25,38,89,63,13,19,70,95,44,32
1871,82,57,6,10,60,85,35,48,98,73
1872,22,16,66,92,41,29,79,54,3,5
1873,55,81,30,43,93,68,18,24,74,100
1874,49,36,87,62,11,8,59,84,33,46
1875,96,71,21,14,65,90,40,27,77,52
1876,2,3,53,78,28,40,91,66,15,21
1877,72,97,47,34,85,59,9,12,63,88
1878,37,50,100,75,25,18,69,94,44,31
1879,81,56,6,4,55,80,29,42,92,67
1880,17,23,74,99,48,36,86,61,10,7
1881,58,83,33,45,96,70,20,14,64,89
1882,39,26,77,51,1,1,51,76,26,38
1883,89,64,13,20,70,95,45,32,83,57
1884,7,10,61,86,35,48,98,73,23,16
1885,67,92,42,29,79,54,4,5,56,81
1886,31,43,94,68,18,24,75,100,49,37
1887,87,62,12,8,59,84,34,46,97,72
1888,21,15,65,91,40,27,78,53,2,1
1889,52,77,27,39,90,64,14,20,71,96
1890,46,33,83,58,8,11,61,87,36,49
1891,99,74,23,17,68,93,42,30,80,55
1892,5,3,53,79,28,41,91,66,16,22
1893,72,98,47,35,85,60,9,6,57,82
1894,31,44,94,69,19,12,63,88,38,25
1895,76,50,0,0,50,76,25,38,88,63
1896,13,19,69,95,44,31,82,57,6,9
1897,60,85,35,47,98,72,22,16,66,91
1898,41,28,79,54,3,5,55,80,30,42
1899,93,68,17,24,74,99,49,36,87,61
1900,11,8,58,84,33,46,96,71,20,14
1901,65,90,39,27,77,52,1,2,53,78
1902,28,40,91,65,15,21,72,97,46,34
1903,84,59,9,12,62,87,37,50,100,75
1904,24,18,69,94,43,31,81,56,5,4
1905,54,80,29,42,92,67,16,23,73,99
1906,48,35,86,61,10,7,57,83,32,45
1907,95,70,20,13,64,89,39,26,76,51
1908,1,1,52,77,26,39,89,64,14,20
1909,70,96,45,33,83,58,7,11,61,86
1910,36,48,99,74,23,17,67,93,42,29
1911,80,55,4,6,56,82,31,44,94,69
1912,18,25,75,100,50,37,88,63,12,9
1913,59,85,34,47,97,72,22,15,66,91
1914,41,28,78,53,3,2,52,78,27,40
1915,90,65,14,21,71,97,46,33,84,59
1916,8,11,62,87,37,49,100,74,24,18
1917,68,93,43,30,81,56,5,3,54,79
1918,29,41,92,67,16,22,73,98,48,35
1919,85,60,10,7,57,82,32,44,95,70
1920,19,13,63,89,38,26,76,51,0,0
1921,51,76,25,38,88,63,13,19,70,95
1922,44,32,82,57,6,10,60,85,35,47
1923,98,73,22,16,66,92,41,28,79,54
1924,3,5,55,81,30,43,93,68,17,24
1925,74,99,49,36,87,62,11,8,58,84
1926,33,46,96,71,21,14,65,90,40,27
1927,77,52,2,2,53,78,28,40,91,66
1928,15,21,72,97,47,34,84,59,9,12
1929,62,88,37,50,100,75,25,18,69,94
1930,43,31,81,56,6,4,55,80,29,42
1931,92,67,17,23,73,99,48,36,86,61
1932,10,7,58,83,32,45,96,70,20,13
1933,64,89,39,26,77,51,1,0,51,76
1934,26,38,89,64,13,19,70,95,45,32
1935,83,57,7,10,60,86,35,48,98,73
1936,23,16,67,92,42,29,79,54,4,5
1937,56,81,30,43,94,68,18,24,75,100
1938,49,37,87,62,12,8,59,84,34,46
1939,97,71,21,15,65,90,40,27,78,53
1940,2,1,52,77,27,39,90,64,14,20
1941,71,96,45,33,83,58,8,11,61,86
1942,36,49,99,74,23,17,68,93,42,30
1943,80,55,4,3,53,79,28,41,91,66
1944,15,22,72,98,47,34,85,60,9,6
1945,56,82,31,44,94,69,19,12,63,88
1946,38,25,75,50,0,0,50,75,25,38
1947,88,63,12,19,69,94,44,31,82,56
1948,6,9,60,85,34,47,97,72,22,15
1949,66,91,41,28,79,53,3,4,55,80
1950,30,42,93,67,17,23,74,99,49,36
1951,86,61,11,8,58,83,33,45,96,71
1952,20,14,64,90,39,26,77,52,1,2
1953,52,78,27,40,90,65,15,21,71,97
1954,46,34,84,59,8,11,62,87,37,49
1955,100,75,24,18,68,94,43,30,81,56
1956,5,4,54,79,29,41,92,67,16,23
1957,73,98,48,35,86,60,10,7,57,82
1958,32,45,95,70,19,13,64,89,38,26
1959,76,51,0,1,51,77,26,39,89,64
1960,13,20,70,95,45,32,83,58,7,10
1961,61,86,36,48,99,73,23,17,67,92
1962,42,29,80,54,4,6,56,81,31,43
1963,94,69,18,24,75,100,50,37,88,62
1964,12,9,59,84,34,47,97,72,21,15
1965,66,91,40,28,78,53,2,2,52,77
1966,27,39,90,65,14,21,71,96,46,33
1967,84,58,8,11,62,87,36,49,99,74
1968,24,17,68,93,43,30,81,55,5,3
1969,54,79,28,41,92,66,16,22,73,98
1970,47,35,85,60,10,6,57,82,32,44
1971,95,69,19,13,63,88,38,25,76,51
1972,0,0,51,76,25,38,89,63,13,19
1973,70,95,44,32,82,57,7,10,60,85
1974,35,48,98,73,22,16,67,92,41,29
1975,79,54,3,5,55,81,30,43,93,68
1976,18,24,74,100,49,37,87,62,11,8
1977,59,84,33,46,96,71,21,14,65,90
1978,40,27,78,52,2,3,53,78,28,40
1979,91,66,15,22,72,97,47,34,85,59
1980,9,12,63,88,37,50,100,75,25,18
1981,69,94,44,31,81,56,6,4,55,80
1982,29,42,93,67,17,23,74,99,48,36
1983,86,61,10,7,58,83,33,45,96,70
1984,20,14,64,89,39,26,77,52,1,1
1985,51,76,26,38,89,64,13,20,70,95
1986,45,32,83,57,7,10,61,86,35,48
1987,98,73,23,16,67,92,42,29,80,54
1988,4,5,56,81,31,43,94,68,18,24
1989,75,100,50,37,87,62,12,9,59,84
1990,34,46,97,72,21,15,65,91,40,27
1991,78,53,2,1,52,77,27,39,90,65
1992,14,20,71,96,46,33,83,58,8,11
1993,61,87,36,49,99,74,24,17,68,93
1994,42,30,80,55,5,3,53,79,28,41
1995,91,66,16,22,72,98,47,35,85,60
1996,9,6,57,82,31,44,95,69,19,12
1997,63,88,38,25,76,50,0,0,50,75
1998,25,38,88,63,12,19,69,94,44,31
1999,82,57,6,9,60,85,34,47,98,72
2000,22,16,66,91,41,28,79,53,3,4
